iso,country,year,HDI
AFG,Afghanistan,1990,0.284
ALB,Albania,1990,0.649
DZA,Algeria,1990,0.593
AND,Andorra,1990,0.815
AGO,Angola,1990,0.369
ATG,Antigua and Barbuda,1990,0.816
ARG,Argentina,1990,0.724
ARM,Armenia,1990,0.658
AUS,Australia,1990,0.864
AUT,Austria,1990,0.823
AZE,Azerbaijan,1990,0.6
BHS,Bahamas,1990,0.76
BHR,Bahrain,1990,0.733
BGD,Bangladesh,1990,0.399
BRB,Barbados,1990,0.728
BLR,Belarus,1990,0.674
BEL,Belgium,1990,0.814
BLZ,Belize,1990,0.609
BEN,Benin,1990,0.35
BTN,Bhutan,1990,0.582
BOL,Bolivia (Plurinational State of),1990,0.546
BIH,Bosnia and Herzegovina,1990,0.656
BWA,Botswana,1990,0.587
BRA,Brazil,1990,0.62
BRN,Brunei Darussalam,1990,0.779
BGR,Bulgaria,1990,0.698
BFA,Burkina Faso,1990,0.294
BDI,Burundi,1990,0.285
CPV,Cabo Verde,1990,0.59
KHM,Cambodia,1990,0.379
CMR,Cameroon,1990,0.44
CAN,Canada,1990,0.861
CAF,Central African Republic,1990,0.333
TCD,Chad,1990,0.292
CHL,Chile,1990,0.705
CHN,China,1990,0.482
COL,Colombia,1990,0.614
COM,Comoros,1990,0.458
COG,Congo,1990,0.541
COD,Congo (Democratic Republic of the),1990,0.377
CRI,Costa Rica,1990,0.659
CIV,Côte d'Ivoire,1990,0.425
HRV,Croatia,1990,0.709
CUB,Cuba,1990,0.684
CYP,Cyprus,1990,0.733
CZE,Czechia,1990,0.748
DNK,Denmark,1990,0.839
DJI,Djibouti,1990,0.32
DMA,Dominica,1990,0.721
DOM,Dominican Republic,1990,0.579
ECU,Ecuador,1990,0.645
EGY,Egypt,1990,0.567
SLV,El Salvador,1990,0.519
GNQ,Equatorial Guinea,1990,0.511
ERI,Eritrea,1990,0.466
EST,Estonia,1990,0.741
SWZ,Eswatini (Kingdom of),1990,0.546
ETH,Ethiopia,1990,0.286
FJI,Fiji,1990,0.63
FIN,Finland,1990,0.811
FRA,France,1990,0.79
GAB,Gabon,1990,0.599
GMB,Gambia,1990,0.323
GEO,Georgia,1990,0.694
DEU,Germany,1990,0.828
GHA,Ghana,1990,0.445
GRC,Greece,1990,0.762
GRD,Grenada,1990,0.756
GTM,Guatemala,1990,0.49
GIN,Guinea,1990,0.27
GNB,Guinea-Bissau,1990,0.402
GUY,Guyana,1990,0.496
HTI,Haiti,1990,0.441
HND,Honduras,1990,0.513
HKG,"Hong Kong, China (SAR)",1990,0.739
HUN,Hungary,1990,0.721
ISL,Iceland,1990,0.834
IND,India,1990,0.434
IDN,Indonesia,1990,0.526
IRN,Iran (Islamic Republic of),1990,0.613
IRQ,Iraq,1990,0.497
IRL,Ireland,1990,0.743
ISR,Israel,1990,0.781
ITA,Italy,1990,0.78
JAM,Jamaica,1990,0.664
JPN,Japan,1990,0.846
JOR,Jordan,1990,0.622
KAZ,Kazakhstan,1990,0.672
KEN,Kenya,1990,0.48
KIR,Kiribati,1990,0.547
KOR,Korea (Republic of),1990,0.731
KWT,Kuwait,1990,0.698
KGZ,Kyrgyzstan,1990,0.637
LAO,Lao People's Democratic Republic,1990,0.408
LVA,Latvia,1990,0.732
LBN,Lebanon,1990,0.71
LSO,Lesotho,1990,0.479
LBR,Liberia,1990,0.392
LBY,Libya,1990,0.724
LIE,Liechtenstein,1990,0.871
LTU,Lithuania,1990,0.74
LUX,Luxembourg,1990,0.793
MDG,Madagascar,1990,0.431
MWI,Malawi,1990,0.299
MYS,Malaysia,1990,0.649
MDV,Maldives,1990,0.588
MLI,Mali,1990,0.236
MLT,Malta,1990,0.726
MHL,Marshall Islands,1990,0.656
MRT,Mauritania,1990,0.397
MUS,Mauritius,1990,0.62
MEX,Mexico,1990,0.666
FSM,Micronesia (Federated States of),1990,0.637
MDA,Moldova (Republic of),1990,0.688
MNG,Mongolia,1990,0.579
MNE,Montenegro,1990,0.749
MAR,Morocco,1990,0.448
MOZ,Mozambique,1990,0.239
MMR,Myanmar,1990,0.333
NAM,Namibia,1990,0.595
NRU,Nauru,1990,0.527
NPL,Nepal,1990,0.395
NLD,Netherlands,1990,0.847
NZL,New Zealand,1990,0.812
NIC,Nicaragua,1990,0.487
NER,Niger,1990,0.212
NGA,Nigeria,1990,0.449
MKD,North Macedonia,1990,0.644
NOR,Norway,1990,0.845
OMN,Oman,1990,0.702
PAK,Pakistan,1990,0.394
PLW,Palau,1990,0.747
PSE,"Palestine, State of",1990,0.652
PAN,Panama,1990,0.672
PNG,Papua New Guinea,1990,0.394
PRY,Paraguay,1990,0.604
PER,Peru,1990,0.62
PHL,Philippines,1990,0.598
POL,Poland,1990,0.715
PRT,Portugal,1990,0.703
QAT,Qatar,1990,0.764
ROU,Romania,1990,0.709
RUS,Russian Federation,1990,0.741
RWA,Rwanda,1990,0.279
KNA,Saint Kitts and Nevis,1990,0.759
LCA,Saint Lucia,1990,0.666
VCT,Saint Vincent and the Grenadines,1990,0.691
WSM,Samoa,1990,0.651
SMR,San Marino,1990,0.841
STP,Sao Tome and Principe,1990,0.48
SAU,Saudi Arabia,1990,0.699
SEN,Senegal,1990,0.371
SRB,Serbia,1990,0.675
SYC,Seychelles,1990,0.755
SLE,Sierra Leone,1990,0.314
SGP,Singapore,1990,0.78
SVK,Slovakia,1990,0.716
SVN,Slovenia,1990,0.761
SLB,Solomon Islands,1990,0.501
SOM,Somalia,1990,0.38
ZAF,South Africa,1990,0.635
SSD,South Sudan,1990,0.406
ESP,Spain,1990,0.762
LKA,Sri Lanka,1990,0.641
SDN,Sudan,1990,0.322
SUR,Suriname,1990,0.667
SWE,Sweden,1990,0.808
CHE,Switzerland,1990,0.85
SYR,Syrian Arab Republic,1990,0.563
TJK,Tajikistan,1990,0.616
TZA,Tanzania (United Republic of),1990,0.366
THA,Thailand,1990,0.581
TLS,Timor-Leste,1990,0.495
TGO,Togo,1990,0.399
TON,Tonga,1990,0.64
TTO,Trinidad and Tobago,1990,0.656
TUN,Tunisia,1990,0.566
TUR,Türkiye,1990,0.598
TKM,Turkmenistan,1990,0.652
TUV,Tuvalu,1990,0.564
UGA,Uganda,1990,0.329
UKR,Ukraine,1990,0.731
ARE,United Arab Emirates,1990,0.717
GBR,United Kingdom,1990,0.804
USA,United States,1990,0.875
URY,Uruguay,1990,0.702
UZB,Uzbekistan,1990,0.603
VUT,Vanuatu,1990,0.557
VEN,Venezuela (Bolivarian Republic of),1990,0.657
VNM,Viet Nam,1990,0.492
YEM,Yemen,1990,0.357
ZMB,Zambia,1990,0.417
ZWE,Zimbabwe,1990,0.479
AFG,Afghanistan,1991,0.292
ALB,Albania,1991,0.632
DZA,Algeria,1991,0.596
AND,Andorra,1991,0.815
AGO,Angola,1991,0.369
ATG,Antigua and Barbuda,1991,0.816
ARG,Argentina,1991,0.731
ARM,Armenia,1991,0.646
AUS,Australia,1991,0.866
AUT,Austria,1991,0.826
AZE,Azerbaijan,1991,0.6
BHS,Bahamas,1991,0.757
BHR,Bahrain,1991,0.727
BGD,Bangladesh,1991,0.397
BRB,Barbados,1991,0.729
BLR,Belarus,1991,0.674
BEL,Belgium,1991,0.818
BLZ,Belize,1991,0.616
BEN,Benin,1991,0.355
BTN,Bhutan,1991,0.582
BOL,Bolivia (Plurinational State of),1991,0.556
BIH,Bosnia and Herzegovina,1991,0.656
BWA,Botswana,1991,0.588
BRA,Brazil,1991,0.624
BRN,Brunei Darussalam,1991,0.779
BGR,Bulgaria,1991,0.698
BFA,Burkina Faso,1991,0.294
BDI,Burundi,1991,0.287
CPV,Cabo Verde,1991,0.59
KHM,Cambodia,1991,0.384
CMR,Cameroon,1991,0.436
CAN,Canada,1991,0.865
CAF,Central African Republic,1991,0.327
TCD,Chad,1991,0.292
CHL,Chile,1991,0.714
CHN,China,1991,0.489
COL,Colombia,1991,0.622
COM,Comoros,1991,0.458
COG,Congo,1991,0.538
COD,Congo (Democratic Republic of the),1991,0.377
CRI,Costa Rica,1991,0.662
CIV,Côte d'Ivoire,1991,0.426
HRV,Croatia,1991,0.709
CUB,Cuba,1991,0.678
CYP,Cyprus,1991,0.737
CZE,Czechia,1991,0.746
DNK,Denmark,1991,0.843
DJI,Djibouti,1991,0.32
DMA,Dominica,1991,0.721
DOM,Dominican Republic,1991,0.585
ECU,Ecuador,1991,0.647
EGY,Egypt,1991,0.574
SLV,El Salvador,1991,0.528
GNQ,Equatorial Guinea,1991,0.511
ERI,Eritrea,1991,0.466
EST,Estonia,1991,0.736
SWZ,Eswatini (Kingdom of),1991,0.543
ETH,Ethiopia,1991,0.286
FJI,Fiji,1991,0.633
FIN,Finland,1991,0.815
FRA,France,1991,0.799
GAB,Gabon,1991,0.604
GMB,Gambia,1991,0.331
GEO,Georgia,1991,0.694
DEU,Germany,1991,0.835
GHA,Ghana,1991,0.452
GRC,Greece,1991,0.773
GRD,Grenada,1991,0.756
GTM,Guatemala,1991,0.494
GIN,Guinea,1991,0.274
GNB,Guinea-Bissau,1991,0.402
GUY,Guyana,1991,0.493
HTI,Haiti,1991,0.445
HND,Honduras,1991,0.514
HKG,"Hong Kong, China (SAR)",1991,0.748
HUN,Hungary,1991,0.715
ISL,Iceland,1991,0.845
IND,India,1991,0.437
IDN,Indonesia,1991,0.533
IRN,Iran (Islamic Republic of),1991,0.631
IRQ,Iraq,1991,0.471
IRL,Ireland,1991,0.749
ISR,Israel,1991,0.786
ITA,Italy,1991,0.785
JAM,Jamaica,1991,0.664
JPN,Japan,1991,0.85
JOR,Jordan,1991,0.629
KAZ,Kazakhstan,1991,0.666
KEN,Kenya,1991,0.48
KIR,Kiribati,1991,0.547
KOR,Korea (Republic of),1991,0.742
KWT,Kuwait,1991,0.687
KGZ,Kyrgyzstan,1991,0.631
LAO,Lao People's Democratic Republic,1991,0.414
LVA,Latvia,1991,0.73
LBN,Lebanon,1991,0.71
LSO,Lesotho,1991,0.478
LBR,Liberia,1991,0.392
LBY,Libya,1991,0.733
LIE,Liechtenstein,1991,0.871
LTU,Lithuania,1991,0.735
LUX,Luxembourg,1991,0.802
MDG,Madagascar,1991,0.431
MWI,Malawi,1991,0.303
MYS,Malaysia,1991,0.657
MDV,Maldives,1991,0.588
MLI,Mali,1991,0.244
MLT,Malta,1991,0.73
MHL,Marshall Islands,1991,0.656
MRT,Mauritania,1991,0.401
MUS,Mauritius,1991,0.627
MEX,Mexico,1991,0.668
FSM,Micronesia (Federated States of),1991,0.637
MDA,Moldova (Republic of),1991,0.677
MNG,Mongolia,1991,0.575
MNE,Montenegro,1991,0.749
MAR,Morocco,1991,0.454
MOZ,Mozambique,1991,0.242
MMR,Myanmar,1991,0.344
NAM,Namibia,1991,0.6
NRU,Nauru,1991,0.527
NPL,Nepal,1991,0.403
NLD,Netherlands,1991,0.852
NZL,New Zealand,1991,0.815
NIC,Nicaragua,1991,0.497
NER,Niger,1991,0.214
NGA,Nigeria,1991,0.449
MKD,North Macedonia,1991,0.644
NOR,Norway,1991,0.853
OMN,Oman,1991,0.702
PAK,Pakistan,1991,0.399
PLW,Palau,1991,0.747
PSE,"Palestine, State of",1991,0.652
PAN,Panama,1991,0.675
PNG,Papua New Guinea,1991,0.402
PRY,Paraguay,1991,0.609
PER,Peru,1991,0.624
PHL,Philippines,1991,0.6
POL,Poland,1991,0.711
PRT,Portugal,1991,0.714
QAT,Qatar,1991,0.761
ROU,Romania,1991,0.694
RUS,Russian Federation,1991,0.738
RWA,Rwanda,1991,0.279
KNA,Saint Kitts and Nevis,1991,0.759
LCA,Saint Lucia,1991,0.668
VCT,Saint Vincent and the Grenadines,1991,0.691
WSM,Samoa,1991,0.651
SMR,San Marino,1991,0.844
STP,Sao Tome and Principe,1991,0.48
SAU,Saudi Arabia,1991,0.707
SEN,Senegal,1991,0.372
SRB,Serbia,1991,0.675
SYC,Seychelles,1991,0.755
SLE,Sierra Leone,1991,0.304
SGP,Singapore,1991,0.788
SVK,Slovakia,1991,0.716
SVN,Slovenia,1991,0.761
SLB,Solomon Islands,1991,0.501
SOM,Somalia,1991,0.38
ZAF,South Africa,1991,0.643
SSD,South Sudan,1991,0.406
ESP,Spain,1991,0.769
LKA,Sri Lanka,1991,0.645
SDN,Sudan,1991,0.328
SUR,Suriname,1991,0.667
SWE,Sweden,1991,0.811
CHE,Switzerland,1991,0.852
SYR,Syrian Arab Republic,1991,0.568
TJK,Tajikistan,1991,0.61
TZA,Tanzania (United Republic of),1991,0.366
THA,Thailand,1991,0.591
TLS,Timor-Leste,1991,0.495
TGO,Togo,1991,0.403
TON,Tonga,1991,0.647
TTO,Trinidad and Tobago,1991,0.661
TUN,Tunisia,1991,0.572
TUR,Türkiye,1991,0.602
TKM,Turkmenistan,1991,0.652
TUV,Tuvalu,1991,0.567
UGA,Uganda,1991,0.331
UKR,Ukraine,1991,0.724
ARE,United Arab Emirates,1991,0.729
GBR,United Kingdom,1991,0.809
USA,United States,1991,0.875
URY,Uruguay,1991,0.706
UZB,Uzbekistan,1991,0.603
VUT,Vanuatu,1991,0.557
VEN,Venezuela (Bolivarian Republic of),1991,0.668
VNM,Viet Nam,1991,0.503
YEM,Yemen,1991,0.361
ZMB,Zambia,1991,0.411
ZWE,Zimbabwe,1991,0.481
AFG,Afghanistan,1992,0.299
ALB,Albania,1992,0.616
DZA,Algeria,1992,0.601
AND,Andorra,1992,0.815
AGO,Angola,1992,0.369
ATG,Antigua and Barbuda,1992,0.816
ARG,Argentina,1992,0.736
ARM,Armenia,1992,0.611
AUS,Australia,1992,0.868
AUT,Austria,1992,0.832
AZE,Azerbaijan,1992,0.6
BHS,Bahamas,1992,0.762
BHR,Bahrain,1992,0.727
BGD,Bangladesh,1992,0.416
BRB,Barbados,1992,0.729
BLR,Belarus,1992,0.674
BEL,Belgium,1992,0.835
BLZ,Belize,1992,0.624
BEN,Benin,1992,0.36
BTN,Bhutan,1992,0.582
BOL,Bolivia (Plurinational State of),1992,0.563
BIH,Bosnia and Herzegovina,1992,0.656
BWA,Botswana,1992,0.585
BRA,Brazil,1992,0.627
BRN,Brunei Darussalam,1992,0.78
BGR,Bulgaria,1992,0.7
BFA,Burkina Faso,1992,0.294
BDI,Burundi,1992,0.284
CPV,Cabo Verde,1992,0.59
KHM,Cambodia,1992,0.388
CMR,Cameroon,1992,0.433
CAN,Canada,1992,0.869
CAF,Central African Republic,1992,0.312
TCD,Chad,1992,0.292
CHL,Chile,1992,0.722
CHN,China,1992,0.501
COL,Colombia,1992,0.631
COM,Comoros,1992,0.458
COG,Congo,1992,0.536
COD,Congo (Democratic Republic of the),1992,0.375
CRI,Costa Rica,1992,0.673
CIV,Côte d'Ivoire,1992,0.428
HRV,Croatia,1992,0.709
CUB,Cuba,1992,0.671
CYP,Cyprus,1992,0.746
CZE,Czechia,1992,0.747
DNK,Denmark,1992,0.845
DJI,Djibouti,1992,0.32
DMA,Dominica,1992,0.721
DOM,Dominican Republic,1992,0.595
ECU,Ecuador,1992,0.652
EGY,Egypt,1992,0.58
SLV,El Salvador,1992,0.538
GNQ,Equatorial Guinea,1992,0.511
ERI,Eritrea,1992,0.466
EST,Estonia,1992,0.726
SWZ,Eswatini (Kingdom of),1992,0.537
ETH,Ethiopia,1992,0.286
FJI,Fiji,1992,0.639
FIN,Finland,1992,0.821
FRA,France,1992,0.806
GAB,Gabon,1992,0.605
GMB,Gambia,1992,0.34
GEO,Georgia,1992,0.694
DEU,Germany,1992,0.842
GHA,Ghana,1992,0.457
GRC,Greece,1992,0.774
GRD,Grenada,1992,0.756
GTM,Guatemala,1992,0.497
GIN,Guinea,1992,0.281
GNB,Guinea-Bissau,1992,0.402
GUY,Guyana,1992,0.509
HTI,Haiti,1992,0.447
HND,Honduras,1992,0.518
HKG,"Hong Kong, China (SAR)",1992,0.758
HUN,Hungary,1992,0.714
ISL,Iceland,1992,0.852
IND,India,1992,0.442
IDN,Indonesia,1992,0.541
IRN,Iran (Islamic Republic of),1992,0.638
IRQ,Iraq,1992,0.502
IRL,Ireland,1992,0.757
ISR,Israel,1992,0.791
ITA,Italy,1992,0.793
JAM,Jamaica,1992,0.665
JPN,Japan,1992,0.852
JOR,Jordan,1992,0.643
KAZ,Kazakhstan,1992,0.663
KEN,Kenya,1992,0.479
KIR,Kiribati,1992,0.547
KOR,Korea (Republic of),1992,0.751
KWT,Kuwait,1992,0.697
KGZ,Kyrgyzstan,1992,0.62
LAO,Lao People's Democratic Republic,1992,0.42
LVA,Latvia,1992,0.707
LBN,Lebanon,1992,0.71
LSO,Lesotho,1992,0.476
LBR,Liberia,1992,0.392
LBY,Libya,1992,0.735
LIE,Liechtenstein,1992,0.871
LTU,Lithuania,1992,0.72
LUX,Luxembourg,1992,0.806
MDG,Madagascar,1992,0.431
MWI,Malawi,1992,0.31
MYS,Malaysia,1992,0.665
MDV,Maldives,1992,0.588
MLI,Mali,1992,0.248
MLT,Malta,1992,0.734
MHL,Marshall Islands,1992,0.656
MRT,Mauritania,1992,0.41
MUS,Mauritius,1992,0.633
MEX,Mexico,1992,0.67
FSM,Micronesia (Federated States of),1992,0.637
MDA,Moldova (Republic of),1992,0.662
MNG,Mongolia,1992,0.564
MNE,Montenegro,1992,0.749
MAR,Morocco,1992,0.459
MOZ,Mozambique,1992,0.237
MMR,Myanmar,1992,0.356
NAM,Namibia,1992,0.603
NRU,Nauru,1992,0.527
NPL,Nepal,1992,0.411
NLD,Netherlands,1992,0.853
NZL,New Zealand,1992,0.823
NIC,Nicaragua,1992,0.502
NER,Niger,1992,0.218
NGA,Nigeria,1992,0.449
MKD,North Macedonia,1992,0.644
NOR,Norway,1992,0.859
OMN,Oman,1992,0.702
PAK,Pakistan,1992,0.403
PLW,Palau,1992,0.747
PSE,"Palestine, State of",1992,0.652
PAN,Panama,1992,0.681
PNG,Papua New Guinea,1992,0.412
PRY,Paraguay,1992,0.614
PER,Peru,1992,0.624
PHL,Philippines,1992,0.604
POL,Poland,1992,0.716
PRT,Portugal,1992,0.731
QAT,Qatar,1992,0.766
ROU,Romania,1992,0.683
RUS,Russian Federation,1992,0.726
RWA,Rwanda,1992,0.279
KNA,Saint Kitts and Nevis,1992,0.759
LCA,Saint Lucia,1992,0.674
VCT,Saint Vincent and the Grenadines,1992,0.691
WSM,Samoa,1992,0.651
SMR,San Marino,1992,0.845
STP,Sao Tome and Principe,1992,0.481
SAU,Saudi Arabia,1992,0.713
SEN,Senegal,1992,0.373
SRB,Serbia,1992,0.675
SYC,Seychelles,1992,0.755
SLE,Sierra Leone,1992,0.305
SGP,Singapore,1992,0.796
SVK,Slovakia,1992,0.716
SVN,Slovenia,1992,0.761
SLB,Solomon Islands,1992,0.501
SOM,Somalia,1992,0.38
ZAF,South Africa,1992,0.648
SSD,South Sudan,1992,0.406
ESP,Spain,1992,0.776
LKA,Sri Lanka,1992,0.654
SDN,Sudan,1992,0.318
SUR,Suriname,1992,0.667
SWE,Sweden,1992,0.818
CHE,Switzerland,1992,0.855
SYR,Syrian Arab Republic,1992,0.573
TJK,Tajikistan,1992,0.558
TZA,Tanzania (United Republic of),1992,0.365
THA,Thailand,1992,0.601
TLS,Timor-Leste,1992,0.495
TGO,Togo,1992,0.395
TON,Tonga,1992,0.651
TTO,Trinidad and Tobago,1992,0.659
TUN,Tunisia,1992,0.578
TUR,Türkiye,1992,0.608
TKM,Turkmenistan,1992,0.652
TUV,Tuvalu,1992,0.562
UGA,Uganda,1992,0.325
UKR,Ukraine,1992,0.715
ARE,United Arab Emirates,1992,0.734
GBR,United Kingdom,1992,0.815
USA,United States,1992,0.88
URY,Uruguay,1992,0.709
UZB,Uzbekistan,1992,0.603
VUT,Vanuatu,1992,0.557
VEN,Venezuela (Bolivarian Republic of),1992,0.675
VNM,Viet Nam,1992,0.514
YEM,Yemen,1992,0.368
ZMB,Zambia,1992,0.408
ZWE,Zimbabwe,1992,0.465
AFG,Afghanistan,1993,0.307
ALB,Albania,1993,0.618
DZA,Algeria,1993,0.602
AND,Andorra,1993,0.815
AGO,Angola,1993,0.369
ATG,Antigua and Barbuda,1993,0.816
ARG,Argentina,1993,0.74
ARM,Armenia,1993,0.613
AUS,Australia,1993,0.873
AUT,Austria,1993,0.836
AZE,Azerbaijan,1993,0.6
BHS,Bahamas,1993,0.762
BHR,Bahrain,1993,0.732
BGD,Bangladesh,1993,0.423
BRB,Barbados,1993,0.733
BLR,Belarus,1993,0.674
BEL,Belgium,1993,0.849
BLZ,Belize,1993,0.63
BEN,Benin,1993,0.367
BTN,Bhutan,1993,0.582
BOL,Bolivia (Plurinational State of),1993,0.573
BIH,Bosnia and Herzegovina,1993,0.656
BWA,Botswana,1993,0.586
BRA,Brazil,1993,0.633
BRN,Brunei Darussalam,1993,0.78
BGR,Bulgaria,1993,0.702
BFA,Burkina Faso,1993,0.294
BDI,Burundi,1993,0.257
CPV,Cabo Verde,1993,0.59
KHM,Cambodia,1993,0.39
CMR,Cameroon,1993,0.426
CAN,Canada,1993,0.867
CAF,Central African Republic,1993,0.311
TCD,Chad,1993,0.292
CHL,Chile,1993,0.716
CHN,China,1993,0.512
COL,Colombia,1993,0.637
COM,Comoros,1993,0.458
COG,Congo,1993,0.53
COD,Congo (Democratic Republic of the),1993,0.372
CRI,Costa Rica,1993,0.681
CIV,Côte d'Ivoire,1993,0.431
HRV,Croatia,1993,0.709
CUB,Cuba,1993,0.662
CYP,Cyprus,1993,0.752
CZE,Czechia,1993,0.755
DNK,Denmark,1993,0.848
DJI,Djibouti,1993,0.32
DMA,Dominica,1993,0.721
DOM,Dominican Republic,1993,0.602
ECU,Ecuador,1993,0.656
EGY,Egypt,1993,0.587
SLV,El Salvador,1993,0.546
GNQ,Equatorial Guinea,1993,0.511
ERI,Eritrea,1993,0.466
EST,Estonia,1993,0.718
SWZ,Eswatini (Kingdom of),1993,0.529
ETH,Ethiopia,1993,0.286
FJI,Fiji,1993,0.643
FIN,Finland,1993,0.826
FRA,France,1993,0.809
GAB,Gabon,1993,0.609
GMB,Gambia,1993,0.348
GEO,Georgia,1993,0.694
DEU,Germany,1993,0.852
GHA,Ghana,1993,0.463
GRC,Greece,1993,0.776
GRD,Grenada,1993,0.756
GTM,Guatemala,1993,0.502
GIN,Guinea,1993,0.288
GNB,Guinea-Bissau,1993,0.402
GUY,Guyana,1993,0.524
HTI,Haiti,1993,0.449
HND,Honduras,1993,0.523
HKG,"Hong Kong, China (SAR)",1993,0.77
HUN,Hungary,1993,0.721
ISL,Iceland,1993,0.853
IND,India,1993,0.446
IDN,Indonesia,1993,0.549
IRN,Iran (Islamic Republic of),1993,0.644
IRQ,Iraq,1993,0.524
IRL,Ireland,1993,0.767
ISR,Israel,1993,0.797
ITA,Italy,1993,0.799
JAM,Jamaica,1993,0.665
JPN,Japan,1993,0.858
JOR,Jordan,1993,0.648
KAZ,Kazakhstan,1993,0.659
KEN,Kenya,1993,0.477
KIR,Kiribati,1993,0.547
KOR,Korea (Republic of),1993,0.761
KWT,Kuwait,1993,0.703
KGZ,Kyrgyzstan,1993,0.607
LAO,Lao People's Democratic Republic,1993,0.426
LVA,Latvia,1993,0.691
LBN,Lebanon,1993,0.71
LSO,Lesotho,1993,0.472
LBR,Liberia,1993,0.392
LBY,Libya,1993,0.735
LIE,Liechtenstein,1993,0.871
LTU,Lithuania,1993,0.702
LUX,Luxembourg,1993,0.815
MDG,Madagascar,1993,0.431
MWI,Malawi,1993,0.316
MYS,Malaysia,1993,0.671
MDV,Maldives,1993,0.588
MLI,Mali,1993,0.255
MLT,Malta,1993,0.745
MHL,Marshall Islands,1993,0.656
MRT,Mauritania,1993,0.421
MUS,Mauritius,1993,0.636
MEX,Mexico,1993,0.673
FSM,Micronesia (Federated States of),1993,0.637
MDA,Moldova (Republic of),1993,0.662
MNG,Mongolia,1993,0.55
MNE,Montenegro,1993,0.749
MAR,Morocco,1993,0.465
MOZ,Mozambique,1993,0.243
MMR,Myanmar,1993,0.363
NAM,Namibia,1993,0.601
NRU,Nauru,1993,0.527
NPL,Nepal,1993,0.416
NLD,Netherlands,1993,0.855
NZL,New Zealand,1993,0.839
NIC,Nicaragua,1993,0.505
NER,Niger,1993,0.223
NGA,Nigeria,1993,0.449
MKD,North Macedonia,1993,0.644
NOR,Norway,1993,0.867
OMN,Oman,1993,0.702
PAK,Pakistan,1993,0.405
PLW,Palau,1993,0.747
PSE,"Palestine, State of",1993,0.652
PAN,Panama,1993,0.687
PNG,Papua New Guinea,1993,0.425
PRY,Paraguay,1993,0.621
PER,Peru,1993,0.628
PHL,Philippines,1993,0.606
POL,Poland,1993,0.73
PRT,Portugal,1993,0.747
QAT,Qatar,1993,0.772
ROU,Romania,1993,0.683
RUS,Russian Federation,1993,0.708
RWA,Rwanda,1993,0.279
KNA,Saint Kitts and Nevis,1993,0.759
LCA,Saint Lucia,1993,0.676
VCT,Saint Vincent and the Grenadines,1993,0.691
WSM,Samoa,1993,0.651
SMR,San Marino,1993,0.85
STP,Sao Tome and Principe,1993,0.481
SAU,Saudi Arabia,1993,0.717
SEN,Senegal,1993,0.373
SRB,Serbia,1993,0.675
SYC,Seychelles,1993,0.755
SLE,Sierra Leone,1993,0.312
SGP,Singapore,1993,0.805
SVK,Slovakia,1993,0.716
SVN,Slovenia,1993,0.761
SLB,Solomon Islands,1993,0.501
SOM,Somalia,1993,0.38
ZAF,South Africa,1993,0.652
SSD,South Sudan,1993,0.406
ESP,Spain,1993,0.784
LKA,Sri Lanka,1993,0.662
SDN,Sudan,1993,0.328
SUR,Suriname,1993,0.667
SWE,Sweden,1993,0.84
CHE,Switzerland,1993,0.859
SYR,Syrian Arab Republic,1993,0.574
TJK,Tajikistan,1993,0.531
TZA,Tanzania (United Republic of),1993,0.367
THA,Thailand,1993,0.611
TLS,Timor-Leste,1993,0.495
TGO,Togo,1993,0.392
TON,Tonga,1993,0.657
TTO,Trinidad and Tobago,1993,0.663
TUN,Tunisia,1993,0.585
TUR,Türkiye,1993,0.615
TKM,Turkmenistan,1993,0.652
TUV,Tuvalu,1993,0.575
UGA,Uganda,1993,0.333
UKR,Ukraine,1993,0.702
ARE,United Arab Emirates,1993,0.743
GBR,United Kingdom,1993,0.819
USA,United States,1993,0.882
URY,Uruguay,1993,0.712
UZB,Uzbekistan,1993,0.603
VUT,Vanuatu,1993,0.557
VEN,Venezuela (Bolivarian Republic of),1993,0.678
VNM,Viet Nam,1993,0.526
YEM,Yemen,1993,0.374
ZMB,Zambia,1993,0.412
ZWE,Zimbabwe,1993,0.46
AFG,Afghanistan,1994,0.3
ALB,Albania,1994,0.623
DZA,Algeria,1994,0.603
AND,Andorra,1994,0.815
AGO,Angola,1994,0.369
ATG,Antigua and Barbuda,1994,0.816
ARG,Argentina,1994,0.746
ARM,Armenia,1994,0.617
AUS,Australia,1994,0.873
AUT,Austria,1994,0.841
AZE,Azerbaijan,1994,0.6
BHS,Bahamas,1994,0.765
BHR,Bahrain,1994,0.732
BGD,Bangladesh,1994,0.431
BRB,Barbados,1994,0.738
BLR,Belarus,1994,0.674
BEL,Belgium,1994,0.857
BLZ,Belize,1994,0.634
BEN,Benin,1994,0.372
BTN,Bhutan,1994,0.582
BOL,Bolivia (Plurinational State of),1994,0.582
BIH,Bosnia and Herzegovina,1994,0.656
BWA,Botswana,1994,0.576
BRA,Brazil,1994,0.638
BRN,Brunei Darussalam,1994,0.78
BGR,Bulgaria,1994,0.704
BFA,Burkina Faso,1994,0.294
BDI,Burundi,1994,0.288
CPV,Cabo Verde,1994,0.59
KHM,Cambodia,1994,0.392
CMR,Cameroon,1994,0.423
CAN,Canada,1994,0.873
CAF,Central African Republic,1994,0.313
TCD,Chad,1994,0.292
CHL,Chile,1994,0.722
CHN,China,1994,0.522
COL,Colombia,1994,0.643
COM,Comoros,1994,0.458
COG,Congo,1994,0.525
COD,Congo (Democratic Republic of the),1994,0.369
CRI,Costa Rica,1994,0.684
CIV,Côte d'Ivoire,1994,0.434
HRV,Croatia,1994,0.709
CUB,Cuba,1994,0.659
CYP,Cyprus,1994,0.758
CZE,Czechia,1994,0.766
DNK,Denmark,1994,0.854
DJI,Djibouti,1994,0.32
DMA,Dominica,1994,0.721
DOM,Dominican Republic,1994,0.608
ECU,Ecuador,1994,0.662
EGY,Egypt,1994,0.594
SLV,El Salvador,1994,0.557
GNQ,Equatorial Guinea,1994,0.511
ERI,Eritrea,1994,0.466
EST,Estonia,1994,0.72
SWZ,Eswatini (Kingdom of),1994,0.52
ETH,Ethiopia,1994,0.286
FJI,Fiji,1994,0.649
FIN,Finland,1994,0.838
FRA,France,1994,0.824
GAB,Gabon,1994,0.613
GMB,Gambia,1994,0.356
GEO,Georgia,1994,0.694
DEU,Germany,1994,0.858
GHA,Ghana,1994,0.465
GRC,Greece,1994,0.782
GRD,Grenada,1994,0.756
GTM,Guatemala,1994,0.506
GIN,Guinea,1994,0.294
GNB,Guinea-Bissau,1994,0.402
GUY,Guyana,1994,0.535
HTI,Haiti,1994,0.447
HND,Honduras,1994,0.526
HKG,"Hong Kong, China (SAR)",1994,0.78
HUN,Hungary,1994,0.73
ISL,Iceland,1994,0.86
IND,India,1994,0.452
IDN,Indonesia,1994,0.56
IRN,Iran (Islamic Republic of),1994,0.649
IRQ,Iraq,1994,0.524
IRL,Ireland,1994,0.779
ISR,Israel,1994,0.803
ITA,Italy,1994,0.809
JAM,Jamaica,1994,0.665
JPN,Japan,1994,0.865
JOR,Jordan,1994,0.652
KAZ,Kazakhstan,1994,0.652
KEN,Kenya,1994,0.48
KIR,Kiribati,1994,0.547
KOR,Korea (Republic of),1994,0.77
KWT,Kuwait,1994,0.732
KGZ,Kyrgyzstan,1994,0.59
LAO,Lao People's Democratic Republic,1994,0.434
LVA,Latvia,1994,0.687
LBN,Lebanon,1994,0.71
LSO,Lesotho,1994,0.477
LBR,Liberia,1994,0.392
LBY,Libya,1994,0.738
LIE,Liechtenstein,1994,0.871
LTU,Lithuania,1994,0.697
LUX,Luxembourg,1994,0.824
MDG,Madagascar,1994,0.431
MWI,Malawi,1994,0.317
MYS,Malaysia,1994,0.679
MDV,Maldives,1994,0.588
MLI,Mali,1994,0.262
MLT,Malta,1994,0.748
MHL,Marshall Islands,1994,0.656
MRT,Mauritania,1994,0.432
MUS,Mauritius,1994,0.64
MEX,Mexico,1994,0.678
FSM,Micronesia (Federated States of),1994,0.637
MDA,Moldova (Republic of),1994,0.639
MNG,Mongolia,1994,0.553
MNE,Montenegro,1994,0.749
MAR,Morocco,1994,0.477
MOZ,Mozambique,1994,0.245
MMR,Myanmar,1994,0.369
NAM,Namibia,1994,0.6
NRU,Nauru,1994,0.527
NPL,Nepal,1994,0.423
NLD,Netherlands,1994,0.88
NZL,New Zealand,1994,0.852
NIC,Nicaragua,1994,0.511
NER,Niger,1994,0.229
NGA,Nigeria,1994,0.449
MKD,North Macedonia,1994,0.644
NOR,Norway,1994,0.883
OMN,Oman,1994,0.702
PAK,Pakistan,1994,0.409
PLW,Palau,1994,0.747
PSE,"Palestine, State of",1994,0.652
PAN,Panama,1994,0.689
PNG,Papua New Guinea,1994,0.438
PRY,Paraguay,1994,0.626
PER,Peru,1994,0.637
PHL,Philippines,1994,0.611
POL,Poland,1994,0.74
PRT,Portugal,1994,0.76
QAT,Qatar,1994,0.778
ROU,Romania,1994,0.686
RUS,Russian Federation,1994,0.696
RWA,Rwanda,1994,0.279
KNA,Saint Kitts and Nevis,1994,0.759
LCA,Saint Lucia,1994,0.677
VCT,Saint Vincent and the Grenadines,1994,0.691
WSM,Samoa,1994,0.651
SMR,San Marino,1994,0.855
STP,Sao Tome and Principe,1994,0.483
SAU,Saudi Arabia,1994,0.72
SEN,Senegal,1994,0.373
SRB,Serbia,1994,0.675
SYC,Seychelles,1994,0.755
SLE,Sierra Leone,1994,0.312
SGP,Singapore,1994,0.814
SVK,Slovakia,1994,0.716
SVN,Slovenia,1994,0.761
SLB,Solomon Islands,1994,0.501
SOM,Somalia,1994,0.38
ZAF,South Africa,1994,0.657
SSD,South Sudan,1994,0.406
ESP,Spain,1994,0.792
LKA,Sri Lanka,1994,0.667
SDN,Sudan,1994,0.371
SUR,Suriname,1994,0.667
SWE,Sweden,1994,0.852
CHE,Switzerland,1994,0.861
SYR,Syrian Arab Republic,1994,0.578
TJK,Tajikistan,1994,0.522
TZA,Tanzania (United Republic of),1994,0.365
THA,Thailand,1994,0.619
TLS,Timor-Leste,1994,0.495
TGO,Togo,1994,0.402
TON,Tonga,1994,0.666
TTO,Trinidad and Tobago,1994,0.666
TUN,Tunisia,1994,0.596
TUR,Türkiye,1994,0.616
TKM,Turkmenistan,1994,0.652
TUV,Tuvalu,1994,0.582
UGA,Uganda,1994,0.336
UKR,Ukraine,1994,0.689
ARE,United Arab Emirates,1994,0.75
GBR,United Kingdom,1994,0.827
USA,United States,1994,0.885
URY,Uruguay,1994,0.718
UZB,Uzbekistan,1994,0.603
VUT,Vanuatu,1994,0.557
VEN,Venezuela (Bolivarian Republic of),1994,0.679
VNM,Viet Nam,1994,0.536
YEM,Yemen,1994,0.378
ZMB,Zambia,1994,0.407
ZWE,Zimbabwe,1994,0.457
AFG,Afghanistan,1995,0.318
ALB,Albania,1995,0.632
DZA,Algeria,1995,0.607
AND,Andorra,1995,0.815
AGO,Angola,1995,0.369
ATG,Antigua and Barbuda,1995,0.816
ARG,Argentina,1995,0.747
ARM,Armenia,1995,0.623
AUS,Australia,1995,0.882
AUT,Austria,1995,0.847
AZE,Azerbaijan,1995,0.6
BHS,Bahamas,1995,0.773
BHR,Bahrain,1995,0.737
BGD,Bangladesh,1995,0.44
BRB,Barbados,1995,0.742
BLR,Belarus,1995,0.674
BEL,Belgium,1995,0.864
BLZ,Belize,1995,0.636
BEN,Benin,1995,0.379
BTN,Bhutan,1995,0.582
BOL,Bolivia (Plurinational State of),1995,0.592
BIH,Bosnia and Herzegovina,1995,0.656
BWA,Botswana,1995,0.58
BRA,Brazil,1995,0.645
BRN,Brunei Darussalam,1995,0.782
BGR,Bulgaria,1995,0.7
BFA,Burkina Faso,1995,0.294
BDI,Burundi,1995,0.284
CPV,Cabo Verde,1995,0.59
KHM,Cambodia,1995,0.399
CMR,Cameroon,1995,0.421
CAN,Canada,1995,0.877
CAF,Central African Republic,1995,0.315
TCD,Chad,1995,0.292
CHL,Chile,1995,0.728
CHN,China,1995,0.532
COL,Colombia,1995,0.647
COM,Comoros,1995,0.458
COG,Congo,1995,0.515
COD,Congo (Democratic Republic of the),1995,0.372
CRI,Costa Rica,1995,0.69
CIV,Côte d'Ivoire,1995,0.44
HRV,Croatia,1995,0.709
CUB,Cuba,1995,0.661
CYP,Cyprus,1995,0.765
CZE,Czechia,1995,0.775
DNK,Denmark,1995,0.857
DJI,Djibouti,1995,0.32
DMA,Dominica,1995,0.721
DOM,Dominican Republic,1995,0.614
ECU,Ecuador,1995,0.667
EGY,Egypt,1995,0.601
SLV,El Salvador,1995,0.567
GNQ,Equatorial Guinea,1995,0.511
ERI,Eritrea,1995,0.466
EST,Estonia,1995,0.733
SWZ,Eswatini (Kingdom of),1995,0.515
ETH,Ethiopia,1995,0.286
FJI,Fiji,1995,0.654
FIN,Finland,1995,0.844
FRA,France,1995,0.829
GAB,Gabon,1995,0.617
GMB,Gambia,1995,0.364
GEO,Georgia,1995,0.694
DEU,Germany,1995,0.863
GHA,Ghana,1995,0.472
GRC,Greece,1995,0.784
GRD,Grenada,1995,0.756
GTM,Guatemala,1995,0.511
GIN,Guinea,1995,0.302
GNB,Guinea-Bissau,1995,0.402
GUY,Guyana,1995,0.54
HTI,Haiti,1995,0.457
HND,Honduras,1995,0.532
HKG,"Hong Kong, China (SAR)",1995,0.79
HUN,Hungary,1995,0.736
ISL,Iceland,1995,0.857
IND,India,1995,0.458
IDN,Indonesia,1995,0.571
IRN,Iran (Islamic Republic of),1995,0.656
IRQ,Iraq,1995,0.516
IRL,Ireland,1995,0.786
ISR,Israel,1995,0.807
ITA,Italy,1995,0.815
JAM,Jamaica,1995,0.665
JPN,Japan,1995,0.867
JOR,Jordan,1995,0.658
KAZ,Kazakhstan,1995,0.652
KEN,Kenya,1995,0.481
KIR,Kiribati,1995,0.547
KOR,Korea (Republic of),1995,0.78
KWT,Kuwait,1995,0.762
KGZ,Kyrgyzstan,1995,0.584
LAO,Lao People's Democratic Republic,1995,0.437
LVA,Latvia,1995,0.696
LBN,Lebanon,1995,0.71
LSO,Lesotho,1995,0.473
LBR,Liberia,1995,0.392
LBY,Libya,1995,0.74
LIE,Liechtenstein,1995,0.871
LTU,Lithuania,1995,0.704
LUX,Luxembourg,1995,0.828
MDG,Madagascar,1995,0.431
MWI,Malawi,1995,0.362
MYS,Malaysia,1995,0.686
MDV,Maldives,1995,0.588
MLI,Mali,1995,0.268
MLT,Malta,1995,0.755
MHL,Marshall Islands,1995,0.656
MRT,Mauritania,1995,0.438
MUS,Mauritius,1995,0.644
MEX,Mexico,1995,0.678
FSM,Micronesia (Federated States of),1995,0.637
MDA,Moldova (Republic of),1995,0.642
MNG,Mongolia,1995,0.558
MNE,Montenegro,1995,0.749
MAR,Morocco,1995,0.481
MOZ,Mozambique,1995,0.248
MMR,Myanmar,1995,0.373
NAM,Namibia,1995,0.593
NRU,Nauru,1995,0.527
NPL,Nepal,1995,0.428
NLD,Netherlands,1995,0.878
NZL,New Zealand,1995,0.859
NIC,Nicaragua,1995,0.52
NER,Niger,1995,0.235
NGA,Nigeria,1995,0.449
MKD,North Macedonia,1995,0.644
NOR,Norway,1995,0.88
OMN,Oman,1995,0.702
PAK,Pakistan,1995,0.411
PLW,Palau,1995,0.747
PSE,"Palestine, State of",1995,0.652
PAN,Panama,1995,0.692
PNG,Papua New Guinea,1995,0.44
PRY,Paraguay,1995,0.631
PER,Peru,1995,0.646
PHL,Philippines,1995,0.614
POL,Poland,1995,0.747
PRT,Portugal,1995,0.768
QAT,Qatar,1995,0.779
ROU,Romania,1995,0.692
RUS,Russian Federation,1995,0.696
RWA,Rwanda,1995,0.279
KNA,Saint Kitts and Nevis,1995,0.759
LCA,Saint Lucia,1995,0.679
VCT,Saint Vincent and the Grenadines,1995,0.691
WSM,Samoa,1995,0.651
SMR,San Marino,1995,0.861
STP,Sao Tome and Principe,1995,0.484
SAU,Saudi Arabia,1995,0.724
SEN,Senegal,1995,0.375
SRB,Serbia,1995,0.675
SYC,Seychelles,1995,0.755
SLE,Sierra Leone,1995,0.314
SGP,Singapore,1995,0.821
SVK,Slovakia,1995,0.716
SVN,Slovenia,1995,0.761
SLB,Solomon Islands,1995,0.501
SOM,Somalia,1995,0.38
ZAF,South Africa,1995,0.66
SSD,South Sudan,1995,0.406
ESP,Spain,1995,0.799
LKA,Sri Lanka,1995,0.669
SDN,Sudan,1995,0.361
SUR,Suriname,1995,0.667
SWE,Sweden,1995,0.859
CHE,Switzerland,1995,0.863
SYR,Syrian Arab Republic,1995,0.58
TJK,Tajikistan,1995,0.533
TZA,Tanzania (United Republic of),1995,0.366
THA,Thailand,1995,0.625
TLS,Timor-Leste,1995,0.495
TGO,Togo,1995,0.414
TON,Tonga,1995,0.67
TTO,Trinidad and Tobago,1995,0.674
TUN,Tunisia,1995,0.603
TUR,Türkiye,1995,0.623
TKM,Turkmenistan,1995,0.652
TUV,Tuvalu,1995,0.581
UGA,Uganda,1995,0.342
UKR,Ukraine,1995,0.683
ARE,United Arab Emirates,1995,0.756
GBR,United Kingdom,1995,0.83
USA,United States,1995,0.886
URY,Uruguay,1995,0.72
UZB,Uzbekistan,1995,0.603
VUT,Vanuatu,1995,0.557
VEN,Venezuela (Bolivarian Republic of),1995,0.685
VNM,Viet Nam,1995,0.55
YEM,Yemen,1995,0.389
ZMB,Zambia,1995,0.407
ZWE,Zimbabwe,1995,0.449
AFG,Afghanistan,1996,0.326
ALB,Albania,1996,0.644
DZA,Algeria,1996,0.618
AND,Andorra,1996,0.815
AGO,Angola,1996,0.369
ATG,Antigua and Barbuda,1996,0.816
ARG,Argentina,1996,0.752
ARM,Armenia,1996,0.627
AUS,Australia,1996,0.884
AUT,Austria,1996,0.852
AZE,Azerbaijan,1996,0.603
BHS,Bahamas,1996,0.778
BHR,Bahrain,1996,0.742
BGD,Bangladesh,1996,0.446
BRB,Barbados,1996,0.746
BLR,Belarus,1996,0.681
BEL,Belgium,1996,0.87
BLZ,Belize,1996,0.639
BEN,Benin,1996,0.385
BTN,Bhutan,1996,0.582
BOL,Bolivia (Plurinational State of),1996,0.603
BIH,Bosnia and Herzegovina,1996,0.656
BWA,Botswana,1996,0.58
BRA,Brazil,1996,0.65
BRN,Brunei Darussalam,1996,0.783
BGR,Bulgaria,1996,0.709
BFA,Burkina Faso,1996,0.294
BDI,Burundi,1996,0.282
CPV,Cabo Verde,1996,0.59
KHM,Cambodia,1996,0.403
CMR,Cameroon,1996,0.42
CAN,Canada,1996,0.88
CAF,Central African Republic,1996,0.311
TCD,Chad,1996,0.292
CHL,Chile,1996,0.735
CHN,China,1996,0.543
COL,Colombia,1996,0.654
COM,Comoros,1996,0.458
COG,Congo,1996,0.514
COD,Congo (Democratic Republic of the),1996,0.372
CRI,Costa Rica,1996,0.692
CIV,Côte d'Ivoire,1996,0.446
HRV,Croatia,1996,0.722
CUB,Cuba,1996,0.672
CYP,Cyprus,1996,0.771
CZE,Czechia,1996,0.786
DNK,Denmark,1996,0.864
DJI,Djibouti,1996,0.321
DMA,Dominica,1996,0.721
DOM,Dominican Republic,1996,0.621
ECU,Ecuador,1996,0.67
EGY,Egypt,1996,0.61
SLV,El Salvador,1996,0.576
GNQ,Equatorial Guinea,1996,0.511
ERI,Eritrea,1996,0.466
EST,Estonia,1996,0.749
SWZ,Eswatini (Kingdom of),1996,0.506
ETH,Ethiopia,1996,0.286
FJI,Fiji,1996,0.658
FIN,Finland,1996,0.852
FRA,France,1996,0.834
GAB,Gabon,1996,0.62
GMB,Gambia,1996,0.371
GEO,Georgia,1996,0.694
DEU,Germany,1996,0.868
GHA,Ghana,1996,0.477
GRC,Greece,1996,0.789
GRD,Grenada,1996,0.756
GTM,Guatemala,1996,0.519
GIN,Guinea,1996,0.31
GNB,Guinea-Bissau,1996,0.402
GUY,Guyana,1996,0.55
HTI,Haiti,1996,0.463
HND,Honduras,1996,0.536
HKG,"Hong Kong, China (SAR)",1996,0.799
HUN,Hungary,1996,0.744
ISL,Iceland,1996,0.864
IND,India,1996,0.465
IDN,Indonesia,1996,0.58
IRN,Iran (Islamic Republic of),1996,0.664
IRQ,Iraq,1996,0.539
IRL,Ireland,1996,0.795
ISR,Israel,1996,0.814
ITA,Italy,1996,0.821
JAM,Jamaica,1996,0.665
JPN,Japan,1996,0.874
JOR,Jordan,1996,0.662
KAZ,Kazakhstan,1996,0.656
KEN,Kenya,1996,0.483
KIR,Kiribati,1996,0.547
KOR,Korea (Republic of),1996,0.791
KWT,Kuwait,1996,0.768
KGZ,Kyrgyzstan,1996,0.591
LAO,Lao People's Democratic Republic,1996,0.449
LVA,Latvia,1996,0.711
LBN,Lebanon,1996,0.71
LSO,Lesotho,1996,0.469
LBR,Liberia,1996,0.392
LBY,Libya,1996,0.743
LIE,Liechtenstein,1996,0.871
LTU,Lithuania,1996,0.717
LUX,Luxembourg,1996,0.834
MDG,Madagascar,1996,0.431
MWI,Malawi,1996,0.365
MYS,Malaysia,1996,0.696
MDV,Maldives,1996,0.599
MLI,Mali,1996,0.275
MLT,Malta,1996,0.754
MHL,Marshall Islands,1996,0.656
MRT,Mauritania,1996,0.447
MUS,Mauritius,1996,0.648
MEX,Mexico,1996,0.685
FSM,Micronesia (Federated States of),1996,0.637
MDA,Moldova (Republic of),1996,0.639
MNG,Mongolia,1996,0.561
MNE,Montenegro,1996,0.749
MAR,Morocco,1996,0.493
MOZ,Mozambique,1996,0.26
MMR,Myanmar,1996,0.38
NAM,Namibia,1996,0.581
NRU,Nauru,1996,0.527
NPL,Nepal,1996,0.437
NLD,Netherlands,1996,0.882
NZL,New Zealand,1996,0.863
NIC,Nicaragua,1996,0.53
NER,Niger,1996,0.24
NGA,Nigeria,1996,0.449
MKD,North Macedonia,1996,0.65
NOR,Norway,1996,0.887
OMN,Oman,1996,0.702
PAK,Pakistan,1996,0.417
PLW,Palau,1996,0.747
PSE,"Palestine, State of",1996,0.652
PAN,Panama,1996,0.697
PNG,Papua New Guinea,1996,0.445
PRY,Paraguay,1996,0.64
PER,Peru,1996,0.65
PHL,Philippines,1996,0.622
POL,Poland,1996,0.756
PRT,Portugal,1996,0.777
QAT,Qatar,1996,0.783
ROU,Romania,1996,0.698
RUS,Russian Federation,1996,0.706
RWA,Rwanda,1996,0.28
KNA,Saint Kitts and Nevis,1996,0.759
LCA,Saint Lucia,1996,0.683
VCT,Saint Vincent and the Grenadines,1996,0.691
WSM,Samoa,1996,0.659
SMR,San Marino,1996,0.862
STP,Sao Tome and Principe,1996,0.487
SAU,Saudi Arabia,1996,0.728
SEN,Senegal,1996,0.376
SRB,Serbia,1996,0.679
SYC,Seychelles,1996,0.755
SLE,Sierra Leone,1996,0.312
SGP,Singapore,1996,0.829
SVK,Slovakia,1996,0.728
SVN,Slovenia,1996,0.771
SLB,Solomon Islands,1996,0.501
SOM,Somalia,1996,0.38
ZAF,South Africa,1996,0.655
SSD,South Sudan,1996,0.406
ESP,Spain,1996,0.805
LKA,Sri Lanka,1996,0.674
SDN,Sudan,1996,0.369
SUR,Suriname,1996,0.667
SWE,Sweden,1996,0.867
CHE,Switzerland,1996,0.867
SYR,Syrian Arab Republic,1996,0.583
TJK,Tajikistan,1996,0.516
TZA,Tanzania (United Republic of),1996,0.368
THA,Thailand,1996,0.634
TLS,Timor-Leste,1996,0.495
TGO,Togo,1996,0.422
TON,Tonga,1996,0.672
TTO,Trinidad and Tobago,1996,0.68
TUN,Tunisia,1996,0.613
TUR,Türkiye,1996,0.63
TKM,Turkmenistan,1996,0.652
TUV,Tuvalu,1996,0.579
UGA,Uganda,1996,0.353
UKR,Ukraine,1996,0.683
ARE,United Arab Emirates,1996,0.762
GBR,United Kingdom,1996,0.836
USA,United States,1996,0.887
URY,Uruguay,1996,0.726
UZB,Uzbekistan,1996,0.603
VUT,Vanuatu,1996,0.557
VEN,Venezuela (Bolivarian Republic of),1996,0.687
VNM,Viet Nam,1996,0.56
YEM,Yemen,1996,0.4
ZMB,Zambia,1996,0.409
ZWE,Zimbabwe,1996,0.448
AFG,Afghanistan,1997,0.33
ALB,Albania,1997,0.641
DZA,Algeria,1997,0.626
AND,Andorra,1997,0.815
AGO,Angola,1997,0.369
ATG,Antigua and Barbuda,1997,0.816
ARG,Argentina,1997,0.758
ARM,Armenia,1997,0.635
AUS,Australia,1997,0.887
AUT,Austria,1997,0.856
AZE,Azerbaijan,1997,0.609
BHS,Bahamas,1997,0.775
BHR,Bahrain,1997,0.747
BGD,Bangladesh,1997,0.458
BRB,Barbados,1997,0.75
BLR,Belarus,1997,0.687
BEL,Belgium,1997,0.874
BLZ,Belize,1997,0.641
BEN,Benin,1997,0.393
BTN,Bhutan,1997,0.582
BOL,Bolivia (Plurinational State of),1997,0.615
BIH,Bosnia and Herzegovina,1997,0.656
BWA,Botswana,1997,0.582
BRA,Brazil,1997,0.656
BRN,Brunei Darussalam,1997,0.782
BGR,Bulgaria,1997,0.704
BFA,Burkina Faso,1997,0.294
BDI,Burundi,1997,0.288
CPV,Cabo Verde,1997,0.59
KHM,Cambodia,1997,0.408
CMR,Cameroon,1997,0.42
CAN,Canada,1997,0.88
CAF,Central African Republic,1997,0.313
TCD,Chad,1997,0.292
CHL,Chile,1997,0.744
CHN,China,1997,0.554
COL,Colombia,1997,0.661
COM,Comoros,1997,0.458
COG,Congo,1997,0.483
COD,Congo (Democratic Republic of the),1997,0.374
CRI,Costa Rica,1997,0.699
CIV,Côte d'Ivoire,1997,0.454
HRV,Croatia,1997,0.731
CUB,Cuba,1997,0.676
CYP,Cyprus,1997,0.777
CZE,Czechia,1997,0.791
DNK,Denmark,1997,0.871
DJI,Djibouti,1997,0.325
DMA,Dominica,1997,0.721
DOM,Dominican Republic,1997,0.628
ECU,Ecuador,1997,0.676
EGY,Egypt,1997,0.615
SLV,El Salvador,1997,0.586
GNQ,Equatorial Guinea,1997,0.511
ERI,Eritrea,1997,0.466
EST,Estonia,1997,0.764
SWZ,Eswatini (Kingdom of),1997,0.496
ETH,Ethiopia,1997,0.286
FJI,Fiji,1997,0.658
FIN,Finland,1997,0.86
FRA,France,1997,0.839
GAB,Gabon,1997,0.624
GMB,Gambia,1997,0.374
GEO,Georgia,1997,0.694
DEU,Germany,1997,0.874
GHA,Ghana,1997,0.483
GRC,Greece,1997,0.796
GRD,Grenada,1997,0.756
GTM,Guatemala,1997,0.527
GIN,Guinea,1997,0.32
GNB,Guinea-Bissau,1997,0.402
GUY,Guyana,1997,0.556
HTI,Haiti,1997,0.468
HND,Honduras,1997,0.541
HKG,"Hong Kong, China (SAR)",1997,0.808
HUN,Hungary,1997,0.75
ISL,Iceland,1997,0.874
IND,India,1997,0.471
IDN,Indonesia,1997,0.59
IRN,Iran (Islamic Republic of),1997,0.671
IRQ,Iraq,1997,0.549
IRL,Ireland,1997,0.803
ISR,Israel,1997,0.82
ITA,Italy,1997,0.828
JAM,Jamaica,1997,0.662
JPN,Japan,1997,0.877
JOR,Jordan,1997,0.667
KAZ,Kazakhstan,1997,0.662
KEN,Kenya,1997,0.484
KIR,Kiribati,1997,0.547
KOR,Korea (Republic of),1997,0.804
KWT,Kuwait,1997,0.766
KGZ,Kyrgyzstan,1997,0.6
LAO,Lao People's Democratic Republic,1997,0.455
LVA,Latvia,1997,0.725
LBN,Lebanon,1997,0.71
LSO,Lesotho,1997,0.465
LBR,Liberia,1997,0.392
LBY,Libya,1997,0.745
LIE,Liechtenstein,1997,0.871
LTU,Lithuania,1997,0.732
LUX,Luxembourg,1997,0.84
MDG,Madagascar,1997,0.431
MWI,Malawi,1997,0.367
MYS,Malaysia,1997,0.707
MDV,Maldives,1997,0.606
MLI,Mali,1997,0.286
MLT,Malta,1997,0.763
MHL,Marshall Islands,1997,0.656
MRT,Mauritania,1997,0.448
MUS,Mauritius,1997,0.654
MEX,Mexico,1997,0.692
FSM,Micronesia (Federated States of),1997,0.637
MDA,Moldova (Republic of),1997,0.646
MNG,Mongolia,1997,0.569
MNE,Montenegro,1997,0.749
MAR,Morocco,1997,0.497
MOZ,Mozambique,1997,0.272
MMR,Myanmar,1997,0.383
NAM,Namibia,1997,0.572
NRU,Nauru,1997,0.527
NPL,Nepal,1997,0.444
NLD,Netherlands,1997,0.883
NZL,New Zealand,1997,0.871
NIC,Nicaragua,1997,0.539
NER,Niger,1997,0.245
NGA,Nigeria,1997,0.449
MKD,North Macedonia,1997,0.654
NOR,Norway,1997,0.893
OMN,Oman,1997,0.702
PAK,Pakistan,1997,0.419
PLW,Palau,1997,0.747
PSE,"Palestine, State of",1997,0.652
PAN,Panama,1997,0.703
PNG,Papua New Guinea,1997,0.445
PRY,Paraguay,1997,0.646
PER,Peru,1997,0.655
PHL,Philippines,1997,0.627
POL,Poland,1997,0.767
PRT,Portugal,1997,0.784
QAT,Qatar,1997,0.794
ROU,Romania,1997,0.701
RUS,Russian Federation,1997,0.715
RWA,Rwanda,1997,0.281
KNA,Saint Kitts and Nevis,1997,0.759
LCA,Saint Lucia,1997,0.683
VCT,Saint Vincent and the Grenadines,1997,0.691
WSM,Samoa,1997,0.661
SMR,San Marino,1997,0.867
STP,Sao Tome and Principe,1997,0.488
SAU,Saudi Arabia,1997,0.732
SEN,Senegal,1997,0.377
SRB,Serbia,1997,0.685
SYC,Seychelles,1997,0.755
SLE,Sierra Leone,1997,0.307
SGP,Singapore,1997,0.841
SVK,Slovakia,1997,0.735
SVN,Slovenia,1997,0.782
SLB,Solomon Islands,1997,0.501
SOM,Somalia,1997,0.38
ZAF,South Africa,1997,0.65
SSD,South Sudan,1997,0.406
ESP,Spain,1997,0.811
LKA,Sri Lanka,1997,0.68
SDN,Sudan,1997,0.382
SUR,Suriname,1997,0.667
SWE,Sweden,1997,0.878
CHE,Switzerland,1997,0.872
SYR,Syrian Arab Republic,1997,0.586
TJK,Tajikistan,1997,0.524
TZA,Tanzania (United Republic of),1997,0.371
THA,Thailand,1997,0.639
TLS,Timor-Leste,1997,0.495
TGO,Togo,1997,0.43
TON,Tonga,1997,0.674
TTO,Trinidad and Tobago,1997,0.686
TUN,Tunisia,1997,0.621
TUR,Türkiye,1997,0.638
TKM,Turkmenistan,1997,0.652
TUV,Tuvalu,1997,0.585
UGA,Uganda,1997,0.363
UKR,Ukraine,1997,0.688
ARE,United Arab Emirates,1997,0.768
GBR,United Kingdom,1997,0.843
USA,United States,1997,0.889
URY,Uruguay,1997,0.738
UZB,Uzbekistan,1997,0.603
VUT,Vanuatu,1997,0.557
VEN,Venezuela (Bolivarian Republic of),1997,0.694
VNM,Viet Nam,1997,0.571
YEM,Yemen,1997,0.408
ZMB,Zambia,1997,0.41
ZWE,Zimbabwe,1997,0.445
AFG,Afghanistan,1998,0.329
ALB,Albania,1998,0.656
DZA,Algeria,1998,0.635
AND,Andorra,1998,0.815
AGO,Angola,1998,0.369
ATG,Antigua and Barbuda,1998,0.816
ARG,Argentina,1998,0.764
ARM,Armenia,1998,0.647
AUS,Australia,1998,0.891
AUT,Austria,1998,0.861
AZE,Azerbaijan,1998,0.618
BHS,Bahamas,1998,0.776
BHR,Bahrain,1998,0.753
BGD,Bangladesh,1998,0.473
BRB,Barbados,1998,0.751
BLR,Belarus,1998,0.693
BEL,Belgium,1998,0.876
BLZ,Belize,1998,0.642
BEN,Benin,1998,0.398
BTN,Bhutan,1998,0.582
BOL,Bolivia (Plurinational State of),1998,0.626
BIH,Bosnia and Herzegovina,1998,0.656
BWA,Botswana,1998,0.581
BRA,Brazil,1998,0.66
BRN,Brunei Darussalam,1998,0.782
BGR,Bulgaria,1998,0.714
BFA,Burkina Faso,1998,0.294
BDI,Burundi,1998,0.294
CPV,Cabo Verde,1998,0.59
KHM,Cambodia,1998,0.412
CMR,Cameroon,1998,0.42
CAN,Canada,1998,0.88
CAF,Central African Republic,1998,0.315
TCD,Chad,1998,0.292
CHL,Chile,1998,0.749
CHN,China,1998,0.565
COL,Colombia,1998,0.666
COM,Comoros,1998,0.458
COG,Congo,1998,0.508
COD,Congo (Democratic Republic of the),1998,0.371
CRI,Costa Rica,1998,0.705
CIV,Côte d'Ivoire,1998,0.459
HRV,Croatia,1998,0.74
CUB,Cuba,1998,0.68
CYP,Cyprus,1998,0.789
CZE,Czechia,1998,0.794
DNK,Denmark,1998,0.878
DJI,Djibouti,1998,0.326
DMA,Dominica,1998,0.721
DOM,Dominican Republic,1998,0.634
ECU,Ecuador,1998,0.681
EGY,Egypt,1998,0.62
SLV,El Salvador,1998,0.595
GNQ,Equatorial Guinea,1998,0.511
ERI,Eritrea,1998,0.466
EST,Estonia,1998,0.772
SWZ,Eswatini (Kingdom of),1998,0.485
ETH,Ethiopia,1998,0.286
FJI,Fiji,1998,0.661
FIN,Finland,1998,0.868
FRA,France,1998,0.843
GAB,Gabon,1998,0.63
GMB,Gambia,1998,0.38
GEO,Georgia,1998,0.694
DEU,Germany,1998,0.879
GHA,Ghana,1998,0.488
GRC,Greece,1998,0.806
GRD,Grenada,1998,0.756
GTM,Guatemala,1998,0.535
GIN,Guinea,1998,0.33
GNB,Guinea-Bissau,1998,0.402
GUY,Guyana,1998,0.561
HTI,Haiti,1998,0.474
HND,Honduras,1998,0.524
HKG,"Hong Kong, China (SAR)",1998,0.813
HUN,Hungary,1998,0.755
ISL,Iceland,1998,0.885
IND,India,1998,0.477
IDN,Indonesia,1998,0.587
IRN,Iran (Islamic Republic of),1998,0.677
IRQ,Iraq,1998,0.564
IRL,Ireland,1998,0.837
ISR,Israel,1998,0.828
ITA,Italy,1998,0.832
JAM,Jamaica,1998,0.661
JPN,Japan,1998,0.877
JOR,Jordan,1998,0.671
KAZ,Kazakhstan,1998,0.666
KEN,Kenya,1998,0.486
KIR,Kiribati,1998,0.547
KOR,Korea (Republic of),1998,0.802
KWT,Kuwait,1998,0.772
KGZ,Kyrgyzstan,1998,0.606
LAO,Lao People's Democratic Republic,1998,0.462
LVA,Latvia,1998,0.736
LBN,Lebanon,1998,0.71
LSO,Lesotho,1998,0.464
LBR,Liberia,1998,0.392
LBY,Libya,1998,0.745
LIE,Liechtenstein,1998,0.871
LTU,Lithuania,1998,0.744
LUX,Luxembourg,1998,0.847
MDG,Madagascar,1998,0.431
MWI,Malawi,1998,0.369
MYS,Malaysia,1998,0.71
MDV,Maldives,1998,0.611
MLI,Mali,1998,0.297
MLT,Malta,1998,0.772
MHL,Marshall Islands,1998,0.656
MRT,Mauritania,1998,0.456
MUS,Mauritius,1998,0.662
MEX,Mexico,1998,0.699
FSM,Micronesia (Federated States of),1998,0.637
MDA,Moldova (Republic of),1998,0.646
MNG,Mongolia,1998,0.579
MNE,Montenegro,1998,0.749
MAR,Morocco,1998,0.505
MOZ,Mozambique,1998,0.283
MMR,Myanmar,1998,0.39
NAM,Namibia,1998,0.564
NRU,Nauru,1998,0.527
NPL,Nepal,1998,0.449
NLD,Netherlands,1998,0.884
NZL,New Zealand,1998,0.88
NIC,Nicaragua,1998,0.541
NER,Niger,1998,0.253
NGA,Nigeria,1998,0.449
MKD,North Macedonia,1998,0.661
NOR,Norway,1998,0.903
OMN,Oman,1998,0.702
PAK,Pakistan,1998,0.423
PLW,Palau,1998,0.747
PSE,"Palestine, State of",1998,0.652
PAN,Panama,1998,0.71
PNG,Papua New Guinea,1998,0.447
PRY,Paraguay,1998,0.652
PER,Peru,1998,0.663
PHL,Philippines,1998,0.632
POL,Poland,1998,0.777
PRT,Portugal,1998,0.791
QAT,Qatar,1998,0.796
ROU,Romania,1998,0.706
RUS,Russian Federation,1998,0.719
RWA,Rwanda,1998,0.289
KNA,Saint Kitts and Nevis,1998,0.759
LCA,Saint Lucia,1998,0.687
VCT,Saint Vincent and the Grenadines,1998,0.691
WSM,Samoa,1998,0.664
SMR,San Marino,1998,0.872
STP,Sao Tome and Principe,1998,0.49
SAU,Saudi Arabia,1998,0.738
SEN,Senegal,1998,0.379
SRB,Serbia,1998,0.686
SYC,Seychelles,1998,0.755
SLE,Sierra Leone,1998,0.304
SGP,Singapore,1998,0.846
SVK,Slovakia,1998,0.746
SVN,Slovenia,1998,0.794
SLB,Solomon Islands,1998,0.501
SOM,Somalia,1998,0.38
ZAF,South Africa,1998,0.643
SSD,South Sudan,1998,0.406
ESP,Spain,1998,0.815
LKA,Sri Lanka,1998,0.685
SDN,Sudan,1998,0.371
SUR,Suriname,1998,0.667
SWE,Sweden,1998,0.891
CHE,Switzerland,1998,0.878
SYR,Syrian Arab Republic,1998,0.587
TJK,Tajikistan,1998,0.532
TZA,Tanzania (United Republic of),1998,0.378
THA,Thailand,1998,0.643
TLS,Timor-Leste,1998,0.495
TGO,Togo,1998,0.43
TON,Tonga,1998,0.678
TTO,Trinidad and Tobago,1998,0.696
TUN,Tunisia,1998,0.633
TUR,Türkiye,1998,0.648
TKM,Turkmenistan,1998,0.652
TUV,Tuvalu,1998,0.595
UGA,Uganda,1998,0.372
UKR,Ukraine,1998,0.694
ARE,United Arab Emirates,1998,0.774
GBR,United Kingdom,1998,0.848
USA,United States,1998,0.891
URY,Uruguay,1998,0.747
UZB,Uzbekistan,1998,0.603
VUT,Vanuatu,1998,0.557
VEN,Venezuela (Bolivarian Republic of),1998,0.697
VNM,Viet Nam,1998,0.58
YEM,Yemen,1998,0.417
ZMB,Zambia,1998,0.409
ZWE,Zimbabwe,1998,0.439
AFG,Afghanistan,1999,0.337
ALB,Albania,1999,0.668
DZA,Algeria,1999,0.644
AND,Andorra,1999,0.815
AGO,Angola,1999,0.369
ATG,Antigua and Barbuda,1999,0.816
ARG,Argentina,1999,0.774
ARM,Armenia,1999,0.651
AUS,Australia,1999,0.894
AUT,Austria,1999,0.865
AZE,Azerbaijan,1999,0.628
BHS,Bahamas,1999,0.784
BHR,Bahrain,1999,0.761
BGD,Bangladesh,1999,0.487
BRB,Barbados,1999,0.753
BLR,Belarus,1999,0.698
BEL,Belgium,1999,0.879
BLZ,Belize,1999,0.65
BEN,Benin,1999,0.405
BTN,Bhutan,1999,0.582
BOL,Bolivia (Plurinational State of),1999,0.625
BIH,Bosnia and Herzegovina,1999,0.656
BWA,Botswana,1999,0.583
BRA,Brazil,1999,0.663
BRN,Brunei Darussalam,1999,0.787
BGR,Bulgaria,1999,0.718
BFA,Burkina Faso,1999,0.294
BDI,Burundi,1999,0.297
CPV,Cabo Verde,1999,0.59
KHM,Cambodia,1999,0.421
CMR,Cameroon,1999,0.421
CAN,Canada,1999,0.884
CAF,Central African Republic,1999,0.319
TCD,Chad,1999,0.292
CHL,Chile,1999,0.756
CHN,China,1999,0.575
COL,Colombia,1999,0.665
COM,Comoros,1999,0.458
COG,Congo,1999,0.509
COD,Congo (Democratic Republic of the),1999,0.368
CRI,Costa Rica,1999,0.707
CIV,Côte d'Ivoire,1999,0.456
HRV,Croatia,1999,0.748
CUB,Cuba,1999,0.687
CYP,Cyprus,1999,0.791
CZE,Czechia,1999,0.799
DNK,Denmark,1999,0.888
DJI,Djibouti,1999,0.33
DMA,Dominica,1999,0.721
DOM,Dominican Republic,1999,0.64
ECU,Ecuador,1999,0.681
EGY,Egypt,1999,0.625
SLV,El Salvador,1999,0.6
GNQ,Equatorial Guinea,1999,0.511
ERI,Eritrea,1999,0.466
EST,Estonia,1999,0.781
SWZ,Eswatini (Kingdom of),1999,0.477
ETH,Ethiopia,1999,0.286
FJI,Fiji,1999,0.667
FIN,Finland,1999,0.877
FRA,France,1999,0.847
GAB,Gabon,1999,0.627
GMB,Gambia,1999,0.387
GEO,Georgia,1999,0.694
DEU,Germany,1999,0.884
GHA,Ghana,1999,0.494
GRC,Greece,1999,0.809
GRD,Grenada,1999,0.756
GTM,Guatemala,1999,0.544
GIN,Guinea,1999,0.338
GNB,Guinea-Bissau,1999,0.402
GUY,Guyana,1999,0.566
HTI,Haiti,1999,0.481
HND,Honduras,1999,0.548
HKG,"Hong Kong, China (SAR)",1999,0.821
HUN,Hungary,1999,0.762
ISL,Iceland,1999,0.886
IND,India,1999,0.485
IDN,Indonesia,1999,0.592
IRN,Iran (Islamic Republic of),1999,0.685
IRQ,Iraq,1999,0.577
IRL,Ireland,1999,0.841
ISR,Israel,1999,0.835
ITA,Italy,1999,0.837
JAM,Jamaica,1999,0.661
JPN,Japan,1999,0.878
JOR,Jordan,1999,0.676
KAZ,Kazakhstan,1999,0.672
KEN,Kenya,1999,0.487
KIR,Kiribati,1999,0.547
KOR,Korea (Republic of),1999,0.814
KWT,Kuwait,1999,0.774
KGZ,Kyrgyzstan,1999,0.613
LAO,Lao People's Democratic Republic,1999,0.469
LVA,Latvia,1999,0.75
LBN,Lebanon,1999,0.71
LSO,Lesotho,1999,0.456
LBR,Liberia,1999,0.392
LBY,Libya,1999,0.746
LIE,Liechtenstein,1999,0.871
LTU,Lithuania,1999,0.753
LUX,Luxembourg,1999,0.861
MDG,Madagascar,1999,0.431
MWI,Malawi,1999,0.376
MYS,Malaysia,1999,0.715
MDV,Maldives,1999,0.625
MLI,Mali,1999,0.308
MLT,Malta,1999,0.776
MHL,Marshall Islands,1999,0.656
MRT,Mauritania,1999,0.462
MUS,Mauritius,1999,0.67
MEX,Mexico,1999,0.704
FSM,Micronesia (Federated States of),1999,0.637
MDA,Moldova (Republic of),1999,0.647
MNG,Mongolia,1999,0.587
MNE,Montenegro,1999,0.749
MAR,Morocco,1999,0.515
MOZ,Mozambique,1999,0.296
MMR,Myanmar,1999,0.398
NAM,Namibia,1999,0.553
NRU,Nauru,1999,0.527
NPL,Nepal,1999,0.455
NLD,Netherlands,1999,0.886
NZL,New Zealand,1999,0.885
NIC,Nicaragua,1999,0.556
NER,Niger,1999,0.256
NGA,Nigeria,1999,0.449
MKD,North Macedonia,1999,0.669
NOR,Norway,1999,0.907
OMN,Oman,1999,0.702
PAK,Pakistan,1999,0.429
PLW,Palau,1999,0.747
PSE,"Palestine, State of",1999,0.652
PAN,Panama,1999,0.716
PNG,Papua New Guinea,1999,0.454
PRY,Paraguay,1999,0.656
PER,Peru,1999,0.672
PHL,Philippines,1999,0.635
POL,Poland,1999,0.784
PRT,Portugal,1999,0.788
QAT,Qatar,1999,0.795
ROU,Romania,1999,0.714
RUS,Russian Federation,1999,0.722
RWA,Rwanda,1999,0.303
KNA,Saint Kitts and Nevis,1999,0.759
LCA,Saint Lucia,1999,0.691
VCT,Saint Vincent and the Grenadines,1999,0.691
WSM,Samoa,1999,0.668
SMR,San Marino,1999,0.875
STP,Sao Tome and Principe,1999,0.495
SAU,Saudi Arabia,1999,0.74
SEN,Senegal,1999,0.382
SRB,Serbia,1999,0.677
SYC,Seychelles,1999,0.755
SLE,Sierra Leone,1999,0.301
SGP,Singapore,1999,0.854
SVK,Slovakia,1999,0.752
SVN,Slovenia,1999,0.812
SLB,Solomon Islands,1999,0.501
SOM,Somalia,1999,0.38
ZAF,South Africa,1999,0.638
SSD,South Sudan,1999,0.406
ESP,Spain,1999,0.819
LKA,Sri Lanka,1999,0.693
SDN,Sudan,1999,0.409
SUR,Suriname,1999,0.667
SWE,Sweden,1999,0.897
CHE,Switzerland,1999,0.881
SYR,Syrian Arab Republic,1999,0.586
TJK,Tajikistan,1999,0.539
TZA,Tanzania (United Republic of),1999,0.388
THA,Thailand,1999,0.653
TLS,Timor-Leste,1999,0.495
TGO,Togo,1999,0.434
TON,Tonga,1999,0.681
TTO,Trinidad and Tobago,1999,0.699
TUN,Tunisia,1999,0.644
TUR,Türkiye,1999,0.652
TKM,Turkmenistan,1999,0.652
TUV,Tuvalu,1999,0.596
UGA,Uganda,1999,0.383
UKR,Ukraine,1999,0.696
ARE,United Arab Emirates,1999,0.781
GBR,United Kingdom,1999,0.855
USA,United States,1999,0.891
URY,Uruguay,1999,0.751
UZB,Uzbekistan,1999,0.603
VUT,Vanuatu,1999,0.557
VEN,Venezuela (Bolivarian Republic of),1999,0.695
VNM,Viet Nam,1999,0.589
YEM,Yemen,1999,0.424
ZMB,Zambia,1999,0.412
ZWE,Zimbabwe,1999,0.431
AFG,Afghanistan,2000,0.34
ALB,Albania,2000,0.678
DZA,Algeria,2000,0.652
AND,Andorra,2000,0.815
AGO,Angola,2000,0.38
ATG,Antigua and Barbuda,2000,0.816
ARG,Argentina,2000,0.78
ARM,Armenia,2000,0.656
AUS,Australia,2000,0.896
AUT,Austria,2000,0.87
AZE,Azerbaijan,2000,0.635
BHS,Bahamas,2000,0.788
BHR,Bahrain,2000,0.775
BGD,Bangladesh,2000,0.491
BRB,Barbados,2000,0.76
BLR,Belarus,2000,0.708
BEL,Belgium,2000,0.884
BLZ,Belize,2000,0.657
BEN,Benin,2000,0.412
BTN,Bhutan,2000,0.582
BOL,Bolivia (Plurinational State of),2000,0.625
BIH,Bosnia and Herzegovina,2000,0.656
BWA,Botswana,2000,0.581
BRA,Brazil,2000,0.668
BRN,Brunei Darussalam,2000,0.789
BGR,Bulgaria,2000,0.723
BFA,Burkina Faso,2000,0.296
BDI,Burundi,2000,0.298
CPV,Cabo Verde,2000,0.59
KHM,Cambodia,2000,0.431
CMR,Cameroon,2000,0.426
CAN,Canada,2000,0.89
CAF,Central African Republic,2000,0.319
TCD,Chad,2000,0.292
CHL,Chile,2000,0.763
CHN,China,2000,0.586
COL,Colombia,2000,0.672
COM,Comoros,2000,0.458
COG,Congo,2000,0.509
COD,Congo (Democratic Republic of the),2000,0.376
CRI,Costa Rica,2000,0.709
CIV,Côte d'Ivoire,2000,0.454
HRV,Croatia,2000,0.764
CUB,Cuba,2000,0.694
CYP,Cyprus,2000,0.797
CZE,Czechia,2000,0.81
DNK,Denmark,2000,0.89
DJI,Djibouti,2000,0.33
DMA,Dominica,2000,0.721
DOM,Dominican Republic,2000,0.646
ECU,Ecuador,2000,0.684
EGY,Egypt,2000,0.629
SLV,El Salvador,2000,0.609
GNQ,Equatorial Guinea,2000,0.511
ERI,Eritrea,2000,0.466
EST,Estonia,2000,0.798
SWZ,Eswatini (Kingdom of),2000,0.465
ETH,Ethiopia,2000,0.286
FJI,Fiji,2000,0.669
FIN,Finland,2000,0.887
FRA,France,2000,0.844
GAB,Gabon,2000,0.626
GMB,Gambia,2000,0.392
GEO,Georgia,2000,0.694
DEU,Germany,2000,0.89
GHA,Ghana,2000,0.5
GRC,Greece,2000,0.818
GRD,Grenada,2000,0.756
GTM,Guatemala,2000,0.551
GIN,Guinea,2000,0.345
GNB,Guinea-Bissau,2000,0.402
GUY,Guyana,2000,0.57
HTI,Haiti,2000,0.485
HND,Honduras,2000,0.553
HKG,"Hong Kong, China (SAR)",2000,0.831
HUN,Hungary,2000,0.773
ISL,Iceland,2000,0.895
IND,India,2000,0.49
IDN,Indonesia,2000,0.597
IRN,Iran (Islamic Republic of),2000,0.692
IRQ,Iraq,2000,0.583
IRL,Ireland,2000,0.851
ISR,Israel,2000,0.835
ITA,Italy,2000,0.842
JAM,Jamaica,2000,0.657
JPN,Japan,2000,0.883
JOR,Jordan,2000,0.681
KAZ,Kazakhstan,2000,0.68
KEN,Kenya,2000,0.487
KIR,Kiribati,2000,0.547
KOR,Korea (Republic of),2000,0.824
KWT,Kuwait,2000,0.78
KGZ,Kyrgyzstan,2000,0.617
LAO,Lao People's Democratic Republic,2000,0.473
LVA,Latvia,2000,0.761
LBN,Lebanon,2000,0.71
LSO,Lesotho,2000,0.456
LBR,Liberia,2000,0.434
LBY,Libya,2000,0.746
LIE,Liechtenstein,2000,0.871
LTU,Lithuania,2000,0.769
LUX,Luxembourg,2000,0.864
MDG,Madagascar,2000,0.438
MWI,Malawi,2000,0.378
MYS,Malaysia,2000,0.726
MDV,Maldives,2000,0.635
MLI,Mali,2000,0.315
MLT,Malta,2000,0.779
MHL,Marshall Islands,2000,0.656
MRT,Mauritania,2000,0.461
MUS,Mauritius,2000,0.682
MEX,Mexico,2000,0.709
FSM,Micronesia (Federated States of),2000,0.637
MDA,Moldova (Republic of),2000,0.655
MNG,Mongolia,2000,0.595
MNE,Montenegro,2000,0.749
MAR,Morocco,2000,0.525
MOZ,Mozambique,2000,0.303
MMR,Myanmar,2000,0.407
NAM,Namibia,2000,0.549
NRU,Nauru,2000,0.527
NPL,Nepal,2000,0.461
NLD,Netherlands,2000,0.892
NZL,New Zealand,2000,0.894
NIC,Nicaragua,2000,0.563
NER,Niger,2000,0.26
NGA,Nigeria,2000,0.449
MKD,North Macedonia,2000,0.676
NOR,Norway,2000,0.914
OMN,Oman,2000,0.702
PAK,Pakistan,2000,0.434
PLW,Palau,2000,0.747
PSE,"Palestine, State of",2000,0.652
PAN,Panama,2000,0.722
PNG,Papua New Guinea,2000,0.456
PRY,Paraguay,2000,0.656
PER,Peru,2000,0.675
PHL,Philippines,2000,0.635
POL,Poland,2000,0.794
PRT,Portugal,2000,0.793
QAT,Qatar,2000,0.793
ROU,Romania,2000,0.721
RUS,Russian Federation,2000,0.733
RWA,Rwanda,2000,0.328
KNA,Saint Kitts and Nevis,2000,0.759
LCA,Saint Lucia,2000,0.692
VCT,Saint Vincent and the Grenadines,2000,0.691
WSM,Samoa,2000,0.672
SMR,San Marino,2000,0.875
STP,Sao Tome and Principe,2000,0.498
SAU,Saudi Arabia,2000,0.746
SEN,Senegal,2000,0.388
SRB,Serbia,2000,0.689
SYC,Seychelles,2000,0.755
SLE,Sierra Leone,2000,0.319
SGP,Singapore,2000,0.863
SVK,Slovakia,2000,0.761
SVN,Slovenia,2000,0.823
SLB,Solomon Islands,2000,0.488
SOM,Somalia,2000,0.38
ZAF,South Africa,2000,0.633
SSD,South Sudan,2000,0.406
ESP,Spain,2000,0.828
LKA,Sri Lanka,2000,0.689
SDN,Sudan,2000,0.42
SUR,Suriname,2000,0.667
SWE,Sweden,2000,0.903
CHE,Switzerland,2000,0.885
SYR,Syrian Arab Republic,2000,0.587
TJK,Tajikistan,2000,0.548
TZA,Tanzania (United Republic of),2000,0.396
THA,Thailand,2000,0.663
TLS,Timor-Leste,2000,0.495
TGO,Togo,2000,0.436
TON,Tonga,2000,0.679
TTO,Trinidad and Tobago,2000,0.708
TUN,Tunisia,2000,0.651
TUR,Türkiye,2000,0.669
TKM,Turkmenistan,2000,0.652
TUV,Tuvalu,2000,0.599
UGA,Uganda,2000,0.392
UKR,Ukraine,2000,0.698
ARE,United Arab Emirates,2000,0.79
GBR,United Kingdom,2000,0.863
USA,United States,2000,0.894
URY,Uruguay,2000,0.754
UZB,Uzbekistan,2000,0.603
VUT,Vanuatu,2000,0.557
VEN,Venezuela (Bolivarian Republic of),2000,0.699
VNM,Viet Nam,2000,0.599
YEM,Yemen,2000,0.434
ZMB,Zambia,2000,0.418
ZWE,Zimbabwe,2000,0.426
AFG,Afghanistan,2001,0.344
ALB,Albania,2001,0.687
DZA,Algeria,2001,0.659
AND,Andorra,2001,0.823
AGO,Angola,2001,0.39
ATG,Antigua and Barbuda,2001,0.816
ARG,Argentina,2001,0.785
ARM,Armenia,2001,0.661
AUS,Australia,2001,0.9
AUT,Austria,2001,0.874
AZE,Azerbaijan,2001,0.644
BHS,Bahamas,2001,0.79
BHR,Bahrain,2001,0.786
BGD,Bangladesh,2001,0.498
BRB,Barbados,2001,0.761
BLR,Belarus,2001,0.713
BEL,Belgium,2001,0.889
BLZ,Belize,2001,0.661
BEN,Benin,2001,0.423
BTN,Bhutan,2001,0.582
BOL,Bolivia (Plurinational State of),2001,0.625
BIH,Bosnia and Herzegovina,2001,0.661
BWA,Botswana,2001,0.581
BRA,Brazil,2001,0.673
BRN,Brunei Darussalam,2001,0.792
BGR,Bulgaria,2001,0.732
BFA,Burkina Faso,2001,0.299
BDI,Burundi,2001,0.301
CPV,Cabo Verde,2001,0.598
KHM,Cambodia,2001,0.447
CMR,Cameroon,2001,0.445
CAN,Canada,2001,0.893
CAF,Central African Republic,2001,0.321
TCD,Chad,2001,0.302
CHL,Chile,2001,0.767
CHN,China,2001,0.597
COL,Colombia,2001,0.674
COM,Comoros,2001,0.466
COG,Congo,2001,0.515
COD,Congo (Democratic Republic of the),2001,0.373
CRI,Costa Rica,2001,0.714
CIV,Côte d'Ivoire,2001,0.453
HRV,Croatia,2001,0.779
CUB,Cuba,2001,0.701
CYP,Cyprus,2001,0.804
CZE,Czechia,2001,0.82
DNK,Denmark,2001,0.897
DJI,Djibouti,2001,0.34
DMA,Dominica,2001,0.718
DOM,Dominican Republic,2001,0.651
ECU,Ecuador,2001,0.691
EGY,Egypt,2001,0.633
SLV,El Salvador,2001,0.612
GNQ,Equatorial Guinea,2001,0.524
ERI,Eritrea,2001,0.466
EST,Estonia,2001,0.807
SWZ,Eswatini (Kingdom of),2001,0.456
ETH,Ethiopia,2001,0.299
FJI,Fiji,2001,0.67
FIN,Finland,2001,0.897
FRA,France,2001,0.847
GAB,Gabon,2001,0.632
GMB,Gambia,2001,0.398
GEO,Georgia,2001,0.7
DEU,Germany,2001,0.897
GHA,Ghana,2001,0.499
GRC,Greece,2001,0.827
GRD,Grenada,2001,0.756
GTM,Guatemala,2001,0.556
GIN,Guinea,2001,0.352
GNB,Guinea-Bissau,2001,0.402
GUY,Guyana,2001,0.578
HTI,Haiti,2001,0.487
HND,Honduras,2001,0.557
HKG,"Hong Kong, China (SAR)",2001,0.839
HUN,Hungary,2001,0.782
ISL,Iceland,2001,0.902
IND,India,2001,0.495
IDN,Indonesia,2001,0.605
IRN,Iran (Islamic Republic of),2001,0.7
IRQ,Iraq,2001,0.588
IRL,Ireland,2001,0.859
ISR,Israel,2001,0.838
ITA,Italy,2001,0.849
JAM,Jamaica,2001,0.666
JPN,Japan,2001,0.885
JOR,Jordan,2001,0.687
KAZ,Kazakhstan,2001,0.695
KEN,Kenya,2001,0.49
KIR,Kiribati,2001,0.587
KOR,Korea (Republic of),2001,0.832
KWT,Kuwait,2001,0.779
KGZ,Kyrgyzstan,2001,0.626
LAO,Lao People's Democratic Republic,2001,0.48
LVA,Latvia,2001,0.772
LBN,Lebanon,2001,0.71
LSO,Lesotho,2001,0.452
LBR,Liberia,2001,0.44
LBY,Libya,2001,0.748
LIE,Liechtenstein,2001,0.887
LTU,Lithuania,2001,0.779
LUX,Luxembourg,2001,0.867
MDG,Madagascar,2001,0.445
MWI,Malawi,2001,0.386
MYS,Malaysia,2001,0.726
MDV,Maldives,2001,0.639
MLI,Mali,2001,0.327
MLT,Malta,2001,0.793
MHL,Marshall Islands,2001,0.656
MRT,Mauritania,2001,0.462
MUS,Mauritius,2001,0.692
MEX,Mexico,2001,0.712
FSM,Micronesia (Federated States of),2001,0.641
MDA,Moldova (Republic of),2001,0.662
MNG,Mongolia,2001,0.606
MNE,Montenegro,2001,0.749
MAR,Morocco,2001,0.536
MOZ,Mozambique,2001,0.317
MMR,Myanmar,2001,0.415
NAM,Namibia,2001,0.544
NRU,Nauru,2001,0.527
NPL,Nepal,2001,0.462
NLD,Netherlands,2001,0.893
NZL,New Zealand,2001,0.9
NIC,Nicaragua,2001,0.568
NER,Niger,2001,0.266
NGA,Nigeria,2001,0.449
MKD,North Macedonia,2001,0.681
NOR,Norway,2001,0.913
OMN,Oman,2001,0.714
PAK,Pakistan,2001,0.441
PLW,Palau,2001,0.754
PSE,"Palestine, State of",2001,0.652
PAN,Panama,2001,0.727
PNG,Papua New Guinea,2001,0.459
PRY,Paraguay,2001,0.662
PER,Peru,2001,0.683
PHL,Philippines,2001,0.64
POL,Poland,2001,0.802
PRT,Portugal,2001,0.797
QAT,Qatar,2001,0.794
ROU,Romania,2001,0.727
RUS,Russian Federation,2001,0.743
RWA,Rwanda,2001,0.346
KNA,Saint Kitts and Nevis,2001,0.759
LCA,Saint Lucia,2001,0.693
VCT,Saint Vincent and the Grenadines,2001,0.697
WSM,Samoa,2001,0.679
SMR,San Marino,2001,0.879
STP,Sao Tome and Principe,2001,0.504
SAU,Saudi Arabia,2001,0.752
SEN,Senegal,2001,0.395
SRB,Serbia,2001,0.699
SYC,Seychelles,2001,0.749
SLE,Sierra Leone,2001,0.33
SGP,Singapore,2001,0.867
SVK,Slovakia,2001,0.768
SVN,Slovenia,2001,0.838
SLB,Solomon Islands,2001,0.492
SOM,Somalia,2001,0.38
ZAF,South Africa,2001,0.629
SSD,South Sudan,2001,0.406
ESP,Spain,2001,0.833
LKA,Sri Lanka,2001,0.691
SDN,Sudan,2001,0.428
SUR,Suriname,2001,0.667
SWE,Sweden,2001,0.906
CHE,Switzerland,2001,0.888
SYR,Syrian Arab Republic,2001,0.595
TJK,Tajikistan,2001,0.558
TZA,Tanzania (United Republic of),2001,0.404
THA,Thailand,2001,0.677
TLS,Timor-Leste,2001,0.509
TGO,Togo,2001,0.439
TON,Tonga,2001,0.682
TTO,Trinidad and Tobago,2001,0.716
TUN,Tunisia,2001,0.658
TUR,Türkiye,2001,0.675
TKM,Turkmenistan,2001,0.652
TUV,Tuvalu,2001,0.61
UGA,Uganda,2001,0.402
UKR,Ukraine,2001,0.713
ARE,United Arab Emirates,2001,0.794
GBR,United Kingdom,2001,0.869
USA,United States,2001,0.895
URY,Uruguay,2001,0.761
UZB,Uzbekistan,2001,0.61
VUT,Vanuatu,2001,0.557
VEN,Venezuela (Bolivarian Republic of),2001,0.704
VNM,Viet Nam,2001,0.609
YEM,Yemen,2001,0.444
ZMB,Zambia,2001,0.426
ZWE,Zimbabwe,2001,0.416
AFG,Afghanistan,2002,0.368
ALB,Albania,2002,0.692
DZA,Algeria,2002,0.668
AND,Andorra,2002,0.828
AGO,Angola,2002,0.406
ATG,Antigua and Barbuda,2002,0.816
ARG,Argentina,2002,0.785
ARM,Armenia,2002,0.67
AUS,Australia,2002,0.902
AUT,Austria,2002,0.878
AZE,Azerbaijan,2002,0.654
BHS,Bahamas,2002,0.792
BHR,Bahrain,2002,0.792
BGD,Bangladesh,2002,0.505
BRB,Barbados,2002,0.765
BLR,Belarus,2002,0.718
BEL,Belgium,2002,0.891
BLZ,Belize,2002,0.67
BEN,Benin,2002,0.431
BTN,Bhutan,2002,0.582
BOL,Bolivia (Plurinational State of),2002,0.622
BIH,Bosnia and Herzegovina,2002,0.663
BWA,Botswana,2002,0.579
BRA,Brazil,2002,0.678
BRN,Brunei Darussalam,2002,0.796
BGR,Bulgaria,2002,0.743
BFA,Burkina Faso,2002,0.302
BDI,Burundi,2002,0.314
CPV,Cabo Verde,2002,0.606
KHM,Cambodia,2002,0.469
CMR,Cameroon,2002,0.445
CAN,Canada,2002,0.895
CAF,Central African Republic,2002,0.322
TCD,Chad,2002,0.309
CHL,Chile,2002,0.775
CHN,China,2002,0.608
COL,Colombia,2002,0.676
COM,Comoros,2002,0.472
COG,Congo,2002,0.518
COD,Congo (Democratic Republic of the),2002,0.376
CRI,Costa Rica,2002,0.721
CIV,Côte d'Ivoire,2002,0.451
HRV,Croatia,2002,0.785
CUB,Cuba,2002,0.706
CYP,Cyprus,2002,0.816
CZE,Czechia,2002,0.826
DNK,Denmark,2002,0.896
DJI,Djibouti,2002,0.346
DMA,Dominica,2002,0.718
DOM,Dominican Republic,2002,0.657
ECU,Ecuador,2002,0.697
EGY,Egypt,2002,0.634
SLV,El Salvador,2002,0.621
GNQ,Equatorial Guinea,2002,0.539
ERI,Eritrea,2002,0.466
EST,Estonia,2002,0.818
SWZ,Eswatini (Kingdom of),2002,0.444
ETH,Ethiopia,2002,0.305
FJI,Fiji,2002,0.671
FIN,Finland,2002,0.901
FRA,France,2002,0.85
GAB,Gabon,2002,0.635
GMB,Gambia,2002,0.402
GEO,Georgia,2002,0.709
DEU,Germany,2002,0.902
GHA,Ghana,2002,0.506
GRC,Greece,2002,0.838
GRD,Grenada,2002,0.756
GTM,Guatemala,2002,0.561
GIN,Guinea,2002,0.363
GNB,Guinea-Bissau,2002,0.402
GUY,Guyana,2002,0.584
HTI,Haiti,2002,0.491
HND,Honduras,2002,0.561
HKG,"Hong Kong, China (SAR)",2002,0.846
HUN,Hungary,2002,0.791
ISL,Iceland,2002,0.909
IND,India,2002,0.501
IDN,Indonesia,2002,0.614
IRN,Iran (Islamic Republic of),2002,0.708
IRQ,Iraq,2002,0.588
IRL,Ireland,2002,0.868
ISR,Israel,2002,0.843
ITA,Italy,2002,0.854
JAM,Jamaica,2002,0.669
JPN,Japan,2002,0.888
JOR,Jordan,2002,0.691
KAZ,Kazakhstan,2002,0.706
KEN,Kenya,2002,0.49
KIR,Kiribati,2002,0.584
KOR,Korea (Republic of),2002,0.841
KWT,Kuwait,2002,0.785
KGZ,Kyrgyzstan,2002,0.627
LAO,Lao People's Democratic Republic,2002,0.489
LVA,Latvia,2002,0.784
LBN,Lebanon,2002,0.71
LSO,Lesotho,2002,0.449
LBR,Liberia,2002,0.446
LBY,Libya,2002,0.75
LIE,Liechtenstein,2002,0.891
LTU,Lithuania,2002,0.791
LUX,Luxembourg,2002,0.872
MDG,Madagascar,2002,0.442
MWI,Malawi,2002,0.394
MYS,Malaysia,2002,0.725
MDV,Maldives,2002,0.642
MLI,Mali,2002,0.336
MLT,Malta,2002,0.798
MHL,Marshall Islands,2002,0.656
MRT,Mauritania,2002,0.465
MUS,Mauritius,2002,0.696
MEX,Mexico,2002,0.719
FSM,Micronesia (Federated States of),2002,0.636
MDA,Moldova (Republic of),2002,0.671
MNG,Mongolia,2002,0.615
MNE,Montenegro,2002,0.749
MAR,Morocco,2002,0.547
MOZ,Mozambique,2002,0.325
MMR,Myanmar,2002,0.425
NAM,Namibia,2002,0.544
NRU,Nauru,2002,0.527
NPL,Nepal,2002,0.469
NLD,Netherlands,2002,0.89
NZL,New Zealand,2002,0.904
NIC,Nicaragua,2002,0.573
NER,Niger,2002,0.271
NGA,Nigeria,2002,0.449
MKD,North Macedonia,2002,0.684
NOR,Norway,2002,0.915
OMN,Oman,2002,0.722
PAK,Pakistan,2002,0.447
PLW,Palau,2002,0.76
PSE,"Palestine, State of",2002,0.652
PAN,Panama,2002,0.734
PNG,Papua New Guinea,2002,0.462
PRY,Paraguay,2002,0.669
PER,Peru,2002,0.684
PHL,Philippines,2002,0.646
POL,Poland,2002,0.809
PRT,Portugal,2002,0.8
QAT,Qatar,2002,0.796
ROU,Romania,2002,0.734
RUS,Russian Federation,2002,0.749
RWA,Rwanda,2002,0.367
KNA,Saint Kitts and Nevis,2002,0.759
LCA,Saint Lucia,2002,0.697
VCT,Saint Vincent and the Grenadines,2002,0.704
WSM,Samoa,2002,0.678
SMR,San Marino,2002,0.882
STP,Sao Tome and Principe,2002,0.508
SAU,Saudi Arabia,2002,0.756
SEN,Senegal,2002,0.399
SRB,Serbia,2002,0.701
SYC,Seychelles,2002,0.749
SLE,Sierra Leone,2002,0.346
SGP,Singapore,2002,0.872
SVK,Slovakia,2002,0.777
SVN,Slovenia,2002,0.849
SLB,Solomon Islands,2002,0.497
SOM,Somalia,2002,0.38
ZAF,South Africa,2002,0.633
SSD,South Sudan,2002,0.406
ESP,Spain,2002,0.838
LKA,Sri Lanka,2002,0.695
SDN,Sudan,2002,0.434
SUR,Suriname,2002,0.667
SWE,Sweden,2002,0.909
CHE,Switzerland,2002,0.888
SYR,Syrian Arab Republic,2002,0.602
TJK,Tajikistan,2002,0.569
TZA,Tanzania (United Republic of),2002,0.414
THA,Thailand,2002,0.688
TLS,Timor-Leste,2002,0.522
TGO,Togo,2002,0.443
TON,Tonga,2002,0.686
TTO,Trinidad and Tobago,2002,0.727
TUN,Tunisia,2002,0.663
TUR,Türkiye,2002,0.685
TKM,Turkmenistan,2002,0.652
TUV,Tuvalu,2002,0.622
UGA,Uganda,2002,0.414
UKR,Ukraine,2002,0.721
ARE,United Arab Emirates,2002,0.798
GBR,United Kingdom,2002,0.874
USA,United States,2002,0.896
URY,Uruguay,2002,0.765
UZB,Uzbekistan,2002,0.617
VUT,Vanuatu,2002,0.557
VEN,Venezuela (Bolivarian Republic of),2002,0.711
VNM,Viet Nam,2002,0.619
YEM,Yemen,2002,0.453
ZMB,Zambia,2002,0.434
ZWE,Zimbabwe,2002,0.427
AFG,Afghanistan,2003,0.379
ALB,Albania,2003,0.701
DZA,Algeria,2003,0.675
AND,Andorra,2003,0.836
AGO,Angola,2003,0.424
ATG,Antigua and Barbuda,2003,0.816
ARG,Argentina,2003,0.793
ARM,Armenia,2003,0.681
AUS,Australia,2003,0.906
AUT,Austria,2003,0.88
AZE,Azerbaijan,2003,0.663
BHS,Bahamas,2003,0.793
BHR,Bahrain,2003,0.799
BGD,Bangladesh,2003,0.511
BRB,Barbados,2003,0.769
BLR,Belarus,2003,0.728
BEL,Belgium,2003,0.893
BLZ,Belize,2003,0.679
BEN,Benin,2003,0.438
BTN,Bhutan,2003,0.582
BOL,Bolivia (Plurinational State of),2003,0.619
BIH,Bosnia and Herzegovina,2003,0.671
BWA,Botswana,2003,0.585
BRA,Brazil,2003,0.682
BRN,Brunei Darussalam,2003,0.802
BGR,Bulgaria,2003,0.753
BFA,Burkina Faso,2003,0.308
BDI,Burundi,2003,0.322
CPV,Cabo Verde,2003,0.612
KHM,Cambodia,2003,0.484
CMR,Cameroon,2003,0.452
CAN,Canada,2003,0.897
CAF,Central African Republic,2003,0.322
TCD,Chad,2003,0.309
CHL,Chile,2003,0.78
CHN,China,2003,0.619
COL,Colombia,2003,0.683
COM,Comoros,2003,0.478
COG,Congo,2003,0.52
COD,Congo (Democratic Republic of the),2003,0.382
CRI,Costa Rica,2003,0.726
CIV,Côte d'Ivoire,2003,0.45
HRV,Croatia,2003,0.79
CUB,Cuba,2003,0.714
CYP,Cyprus,2003,0.825
CZE,Czechia,2003,0.833
DNK,Denmark,2003,0.901
DJI,Djibouti,2003,0.357
DMA,Dominica,2003,0.718
DOM,Dominican Republic,2003,0.66
ECU,Ecuador,2003,0.701
EGY,Egypt,2003,0.632
SLV,El Salvador,2003,0.627
GNQ,Equatorial Guinea,2003,0.545
ERI,Eritrea,2003,0.466
EST,Estonia,2003,0.826
SWZ,Eswatini (Kingdom of),2003,0.438
ETH,Ethiopia,2003,0.31
FJI,Fiji,2003,0.675
FIN,Finland,2003,0.905
FRA,France,2003,0.853
GAB,Gabon,2003,0.638
GMB,Gambia,2003,0.408
GEO,Georgia,2003,0.719
DEU,Germany,2003,0.906
GHA,Ghana,2003,0.51
GRC,Greece,2003,0.844
GRD,Grenada,2003,0.762
GTM,Guatemala,2003,0.566
GIN,Guinea,2003,0.37
GNB,Guinea-Bissau,2003,0.402
GUY,Guyana,2003,0.591
HTI,Haiti,2003,0.497
HND,Honduras,2003,0.565
HKG,"Hong Kong, China (SAR)",2003,0.854
HUN,Hungary,2003,0.798
ISL,Iceland,2003,0.916
IND,India,2003,0.514
IDN,Indonesia,2003,0.622
IRN,Iran (Islamic Republic of),2003,0.713
IRQ,Iraq,2003,0.566
IRL,Ireland,2003,0.877
ISR,Israel,2003,0.843
ITA,Italy,2003,0.858
JAM,Jamaica,2003,0.665
JPN,Japan,2003,0.889
JOR,Jordan,2003,0.697
KAZ,Kazakhstan,2003,0.717
KEN,Kenya,2003,0.501
KIR,Kiribati,2003,0.588
KOR,Korea (Republic of),2003,0.845
KWT,Kuwait,2003,0.796
KGZ,Kyrgyzstan,2003,0.635
LAO,Lao People's Democratic Republic,2003,0.498
LVA,Latvia,2003,0.795
LBN,Lebanon,2003,0.71
LSO,Lesotho,2003,0.45
LBR,Liberia,2003,0.422
LBY,Libya,2003,0.755
LIE,Liechtenstein,2003,0.896
LTU,Lithuania,2003,0.805
LUX,Luxembourg,2003,0.873
MDG,Madagascar,2003,0.451
MWI,Malawi,2003,0.402
MYS,Malaysia,2003,0.73
MDV,Maldives,2003,0.655
MLI,Mali,2003,0.348
MLT,Malta,2003,0.812
MHL,Marshall Islands,2003,0.656
MRT,Mauritania,2003,0.47
MUS,Mauritius,2003,0.704
MEX,Mexico,2003,0.725
FSM,Micronesia (Federated States of),2003,0.643
MDA,Moldova (Republic of),2003,0.681
MNG,Mongolia,2003,0.629
MNE,Montenegro,2003,0.749
MAR,Morocco,2003,0.557
MOZ,Mozambique,2003,0.339
MMR,Myanmar,2003,0.435
NAM,Namibia,2003,0.547
NRU,Nauru,2003,0.527
NPL,Nepal,2003,0.476
NLD,Netherlands,2003,0.893
NZL,New Zealand,2003,0.908
NIC,Nicaragua,2003,0.575
NER,Niger,2003,0.276
NGA,Nigeria,2003,0.449
MKD,North Macedonia,2003,0.69
NOR,Norway,2003,0.923
OMN,Oman,2003,0.732
PAK,Pakistan,2003,0.455
PLW,Palau,2003,0.765
PSE,"Palestine, State of",2003,0.652
PAN,Panama,2003,0.738
PNG,Papua New Guinea,2003,0.467
PRY,Paraguay,2003,0.663
PER,Peru,2003,0.683
PHL,Philippines,2003,0.652
POL,Poland,2003,0.814
PRT,Portugal,2003,0.803
QAT,Qatar,2003,0.801
ROU,Romania,2003,0.733
RUS,Russian Federation,2003,0.757
RWA,Rwanda,2003,0.385
KNA,Saint Kitts and Nevis,2003,0.759
LCA,Saint Lucia,2003,0.701
VCT,Saint Vincent and the Grenadines,2003,0.712
WSM,Samoa,2003,0.683
SMR,San Marino,2003,0.883
STP,Sao Tome and Principe,2003,0.516
SAU,Saudi Arabia,2003,0.765
SEN,Senegal,2003,0.407
SRB,Serbia,2003,0.71
SYC,Seychelles,2003,0.749
SLE,Sierra Leone,2003,0.355
SGP,Singapore,2003,0.878
SVK,Slovakia,2003,0.783
SVN,Slovenia,2003,0.858
SLB,Solomon Islands,2003,0.503
SOM,Somalia,2003,0.38
ZAF,South Africa,2003,0.629
SSD,South Sudan,2003,0.406
ESP,Spain,2003,0.84
LKA,Sri Lanka,2003,0.7
SDN,Sudan,2003,0.438
SUR,Suriname,2003,0.667
SWE,Sweden,2003,0.914
CHE,Switzerland,2003,0.893
SYR,Syrian Arab Republic,2003,0.613
TJK,Tajikistan,2003,0.581
TZA,Tanzania (United Republic of),2003,0.425
THA,Thailand,2003,0.698
TLS,Timor-Leste,2003,0.522
TGO,Togo,2003,0.449
TON,Tonga,2003,0.693
TTO,Trinidad and Tobago,2003,0.733
TUN,Tunisia,2003,0.669
TUR,Türkiye,2003,0.691
TKM,Turkmenistan,2003,0.652
TUV,Tuvalu,2003,0.608
UGA,Uganda,2003,0.427
UKR,Ukraine,2003,0.73
ARE,United Arab Emirates,2003,0.807
GBR,United Kingdom,2003,0.879
USA,United States,2003,0.898
URY,Uruguay,2003,0.771
UZB,Uzbekistan,2003,0.624
VUT,Vanuatu,2003,0.557
VEN,Venezuela (Bolivarian Republic of),2003,0.702
VNM,Viet Nam,2003,0.628
YEM,Yemen,2003,0.462
ZMB,Zambia,2003,0.448
ZWE,Zimbabwe,2003,0.414
AFG,Afghanistan,2004,0.395
ALB,Albania,2004,0.707
DZA,Algeria,2004,0.683
AND,Andorra,2004,0.828
AGO,Angola,2004,0.437
ATG,Antigua and Barbuda,2004,0.816
ARG,Argentina,2004,0.798
ARM,Armenia,2004,0.689
AUS,Australia,2004,0.908
AUT,Austria,2004,0.886
AZE,Azerbaijan,2004,0.67
BHS,Bahamas,2004,0.795
BHR,Bahrain,2004,0.795
BGD,Bangladesh,2004,0.518
BRB,Barbados,2004,0.774
BLR,Belarus,2004,0.74
BEL,Belgium,2004,0.899
BLZ,Belize,2004,0.685
BEN,Benin,2004,0.444
BTN,Bhutan,2004,0.582
BOL,Bolivia (Plurinational State of),2004,0.626
BIH,Bosnia and Herzegovina,2004,0.678
BWA,Botswana,2004,0.591
BRA,Brazil,2004,0.689
BRN,Brunei Darussalam,2004,0.807
BGR,Bulgaria,2004,0.76
BFA,Burkina Faso,2004,0.317
BDI,Burundi,2004,0.333
CPV,Cabo Verde,2004,0.615
KHM,Cambodia,2004,0.499
CMR,Cameroon,2004,0.458
CAN,Canada,2004,0.901
CAF,Central African Republic,2004,0.326
TCD,Chad,2004,0.327
CHL,Chile,2004,0.787
CHN,China,2004,0.631
COL,Colombia,2004,0.689
COM,Comoros,2004,0.484
COG,Congo,2004,0.525
COD,Congo (Democratic Republic of the),2004,0.388
CRI,Costa Rica,2004,0.731
CIV,Côte d'Ivoire,2004,0.451
HRV,Croatia,2004,0.801
CUB,Cuba,2004,0.728
CYP,Cyprus,2004,0.83
CZE,Czechia,2004,0.838
DNK,Denmark,2004,0.906
DJI,Djibouti,2004,0.365
DMA,Dominica,2004,0.723
DOM,Dominican Republic,2004,0.663
ECU,Ecuador,2004,0.708
EGY,Egypt,2004,0.635
SLV,El Salvador,2004,0.633
GNQ,Equatorial Guinea,2004,0.556
ERI,Eritrea,2004,0.466
EST,Estonia,2004,0.836
SWZ,Eswatini (Kingdom of),2004,0.436
ETH,Ethiopia,2004,0.323
FJI,Fiji,2004,0.682
FIN,Finland,2004,0.901
FRA,France,2004,0.861
GAB,Gabon,2004,0.638
GMB,Gambia,2004,0.419
GEO,Georgia,2004,0.727
DEU,Germany,2004,0.915
GHA,Ghana,2004,0.517
GRC,Greece,2004,0.852
GRD,Grenada,2004,0.754
GTM,Guatemala,2004,0.57
GIN,Guinea,2004,0.377
GNB,Guinea-Bissau,2004,0.402
GUY,Guyana,2004,0.604
HTI,Haiti,2004,0.494
HND,Honduras,2004,0.57
HKG,"Hong Kong, China (SAR)",2004,0.863
HUN,Hungary,2004,0.802
ISL,Iceland,2004,0.92
IND,India,2004,0.523
IDN,Indonesia,2004,0.621
IRN,Iran (Islamic Republic of),2004,0.722
IRQ,Iraq,2004,0.588
IRL,Ireland,2004,0.888
ISR,Israel,2004,0.847
ITA,Italy,2004,0.866
JAM,Jamaica,2004,0.68
JPN,Japan,2004,0.893
JOR,Jordan,2004,0.707
KAZ,Kazakhstan,2004,0.729
KEN,Kenya,2004,0.513
KIR,Kiribati,2004,0.585
KOR,Korea (Republic of),2004,0.853
KWT,Kuwait,2004,0.8
KGZ,Kyrgyzstan,2004,0.638
LAO,Lao People's Democratic Republic,2004,0.506
LVA,Latvia,2004,0.805
LBN,Lebanon,2004,0.71
LSO,Lesotho,2004,0.448
LBR,Liberia,2004,0.435
LBY,Libya,2004,0.758
LIE,Liechtenstein,2004,0.91
LTU,Lithuania,2004,0.813
LUX,Luxembourg,2004,0.881
MDG,Madagascar,2004,0.459
MWI,Malawi,2004,0.41
MYS,Malaysia,2004,0.731
MDV,Maldives,2004,0.656
MLI,Mali,2004,0.355
MLT,Malta,2004,0.826
MHL,Marshall Islands,2004,0.656
MRT,Mauritania,2004,0.48
MUS,Mauritius,2004,0.711
MEX,Mexico,2004,0.729
FSM,Micronesia (Federated States of),2004,0.641
MDA,Moldova (Republic of),2004,0.691
MNG,Mongolia,2004,0.646
MNE,Montenegro,2004,0.758
MAR,Morocco,2004,0.564
MOZ,Mozambique,2004,0.349
MMR,Myanmar,2004,0.445
NAM,Namibia,2004,0.551
NRU,Nauru,2004,0.527
NPL,Nepal,2004,0.484
NLD,Netherlands,2004,0.896
NZL,New Zealand,2004,0.912
NIC,Nicaragua,2004,0.58
NER,Niger,2004,0.286
NGA,Nigeria,2004,0.461
MKD,North Macedonia,2004,0.697
NOR,Norway,2004,0.929
OMN,Oman,2004,0.74
PAK,Pakistan,2004,0.468
PLW,Palau,2004,0.768
PSE,"Palestine, State of",2004,0.652
PAN,Panama,2004,0.744
PNG,Papua New Guinea,2004,0.465
PRY,Paraguay,2004,0.671
PER,Peru,2004,0.69
PHL,Philippines,2004,0.658
POL,Poland,2004,0.812
PRT,Portugal,2004,0.811
QAT,Qatar,2004,0.804
ROU,Romania,2004,0.74
RUS,Russian Federation,2004,0.764
RWA,Rwanda,2004,0.403
KNA,Saint Kitts and Nevis,2004,0.759
LCA,Saint Lucia,2004,0.706
VCT,Saint Vincent and the Grenadines,2004,0.719
WSM,Samoa,2004,0.688
SMR,San Marino,2004,0.885
STP,Sao Tome and Principe,2004,0.522
SAU,Saudi Arabia,2004,0.775
SEN,Senegal,2004,0.414
SRB,Serbia,2004,0.721
SYC,Seychelles,2004,0.748
SLE,Sierra Leone,2004,0.363
SGP,Singapore,2004,0.886
SVK,Slovakia,2004,0.793
SVN,Slovenia,2004,0.864
SLB,Solomon Islands,2004,0.51
SOM,Somalia,2004,0.38
ZAF,South Africa,2004,0.63
SSD,South Sudan,2004,0.406
ESP,Spain,2004,0.846
LKA,Sri Lanka,2004,0.683
SDN,Sudan,2004,0.441
SUR,Suriname,2004,0.667
SWE,Sweden,2004,0.901
CHE,Switzerland,2004,0.898
SYR,Syrian Arab Republic,2004,0.626
TJK,Tajikistan,2004,0.591
TZA,Tanzania (United Republic of),2004,0.435
THA,Thailand,2004,0.707
TLS,Timor-Leste,2004,0.536
TGO,Togo,2004,0.448
TON,Tonga,2004,0.694
TTO,Trinidad and Tobago,2004,0.747
TUN,Tunisia,2004,0.679
TUR,Türkiye,2004,0.696
TKM,Turkmenistan,2004,0.652
TUV,Tuvalu,2004,0.614
UGA,Uganda,2004,0.441
UKR,Ukraine,2004,0.739
ARE,United Arab Emirates,2004,0.811
GBR,United Kingdom,2004,0.889
USA,United States,2004,0.902
URY,Uruguay,2004,0.77
UZB,Uzbekistan,2004,0.631
VUT,Vanuatu,2004,0.557
VEN,Venezuela (Bolivarian Republic of),2004,0.713
VNM,Viet Nam,2004,0.637
YEM,Yemen,2004,0.47
ZMB,Zambia,2004,0.459
ZWE,Zimbabwe,2004,0.419
AFG,Afghanistan,2005,0.402
ALB,Albania,2005,0.72
DZA,Algeria,2005,0.69
AND,Andorra,2005,0.828
AGO,Angola,2005,0.451
ATG,Antigua and Barbuda,2005,0.816
ARG,Argentina,2005,0.802
ARM,Armenia,2005,0.701
AUS,Australia,2005,0.911
AUT,Austria,2005,0.889
AZE,Azerbaijan,2005,0.682
BHS,Bahamas,2005,0.798
BHR,Bahrain,2005,0.791
BGD,Bangladesh,2005,0.525
BRB,Barbados,2005,0.779
BLR,Belarus,2005,0.749
BEL,Belgium,2005,0.901
BLZ,Belize,2005,0.682
BEN,Benin,2005,0.45
BTN,Bhutan,2005,0.582
BOL,Bolivia (Plurinational State of),2005,0.634
BIH,Bosnia and Herzegovina,2005,0.679
BWA,Botswana,2005,0.601
BRA,Brazil,2005,0.696
BRN,Brunei Darussalam,2005,0.811
BGR,Bulgaria,2005,0.765
BFA,Burkina Faso,2005,0.327
BDI,Burundi,2005,0.342
CPV,Cabo Verde,2005,0.622
KHM,Cambodia,2005,0.51
CMR,Cameroon,2005,0.459
CAN,Canada,2005,0.903
CAF,Central African Republic,2005,0.33
TCD,Chad,2005,0.329
CHL,Chile,2005,0.795
CHN,China,2005,0.643
COL,Colombia,2005,0.701
COM,Comoros,2005,0.491
COG,Congo,2005,0.539
COD,Congo (Democratic Republic of the),2005,0.392
CRI,Costa Rica,2005,0.739
CIV,Côte d'Ivoire,2005,0.453
HRV,Croatia,2005,0.806
CUB,Cuba,2005,0.741
CYP,Cyprus,2005,0.833
CZE,Czechia,2005,0.847
DNK,Denmark,2005,0.911
DJI,Djibouti,2005,0.374
DMA,Dominica,2005,0.724
DOM,Dominican Republic,2005,0.674
ECU,Ecuador,2005,0.714
EGY,Egypt,2005,0.637
SLV,El Salvador,2005,0.64
GNQ,Equatorial Guinea,2005,0.57
ERI,Eritrea,2005,0.466
EST,Estonia,2005,0.848
SWZ,Eswatini (Kingdom of),2005,0.439
ETH,Ethiopia,2005,0.343
FJI,Fiji,2005,0.684
FIN,Finland,2005,0.904
FRA,France,2005,0.869
GAB,Gabon,2005,0.643
GMB,Gambia,2005,0.422
GEO,Georgia,2005,0.738
DEU,Germany,2005,0.916
GHA,Ghana,2005,0.529
GRC,Greece,2005,0.864
GRD,Grenada,2005,0.773
GTM,Guatemala,2005,0.574
GIN,Guinea,2005,0.387
GNB,Guinea-Bissau,2005,0.402
GUY,Guyana,2005,0.615
HTI,Haiti,2005,0.506
HND,Honduras,2005,0.575
HKG,"Hong Kong, China (SAR)",2005,0.871
HUN,Hungary,2005,0.807
ISL,Iceland,2005,0.926
IND,India,2005,0.532
IDN,Indonesia,2005,0.634
IRN,Iran (Islamic Republic of),2005,0.727
IRQ,Iraq,2005,0.591
IRL,Ireland,2005,0.894
ISR,Israel,2005,0.856
ITA,Italy,2005,0.869
JAM,Jamaica,2005,0.685
JPN,Japan,2005,0.894
JOR,Jordan,2005,0.713
KAZ,Kazakhstan,2005,0.739
KEN,Kenya,2005,0.521
KIR,Kiribati,2005,0.585
KOR,Korea (Republic of),2005,0.861
KWT,Kuwait,2005,0.8
KGZ,Kyrgyzstan,2005,0.64
LAO,Lao People's Democratic Republic,2005,0.516
LVA,Latvia,2005,0.815
LBN,Lebanon,2005,0.71
LSO,Lesotho,2005,0.447
LBR,Liberia,2005,0.439
LBY,Libya,2005,0.764
LIE,Liechtenstein,2005,0.902
LTU,Lithuania,2005,0.821
LUX,Luxembourg,2005,0.882
MDG,Madagascar,2005,0.464
MWI,Malawi,2005,0.417
MYS,Malaysia,2005,0.728
MDV,Maldives,2005,0.655
MLI,Mali,2005,0.364
MLT,Malta,2005,0.834
MHL,Marshall Islands,2005,0.656
MRT,Mauritania,2005,0.485
MUS,Mauritius,2005,0.719
MEX,Mexico,2005,0.733
FSM,Micronesia (Federated States of),2005,0.642
MDA,Moldova (Republic of),2005,0.698
MNG,Mongolia,2005,0.658
MNE,Montenegro,2005,0.761
MAR,Morocco,2005,0.57
MOZ,Mozambique,2005,0.359
MMR,Myanmar,2005,0.456
NAM,Namibia,2005,0.553
NRU,Nauru,2005,0.527
NPL,Nepal,2005,0.492
NLD,Netherlands,2005,0.899
NZL,New Zealand,2005,0.917
NIC,Nicaragua,2005,0.585
NER,Niger,2005,0.296
NGA,Nigeria,2005,0.468
MKD,North Macedonia,2005,0.704
NOR,Norway,2005,0.93
OMN,Oman,2005,0.748
PAK,Pakistan,2005,0.477
PLW,Palau,2005,0.779
PSE,"Palestine, State of",2005,0.662
PAN,Panama,2005,0.75
PNG,Papua New Guinea,2005,0.469
PRY,Paraguay,2005,0.673
PER,Peru,2005,0.685
PHL,Philippines,2005,0.659
POL,Poland,2005,0.819
PRT,Portugal,2005,0.813
QAT,Qatar,2005,0.811
ROU,Romania,2005,0.75
RUS,Russian Federation,2005,0.767
RWA,Rwanda,2005,0.421
KNA,Saint Kitts and Nevis,2005,0.759
LCA,Saint Lucia,2005,0.711
VCT,Saint Vincent and the Grenadines,2005,0.727
WSM,Samoa,2005,0.692
SMR,San Marino,2005,0.888
STP,Sao Tome and Principe,2005,0.529
SAU,Saudi Arabia,2005,0.783
SEN,Senegal,2005,0.421
SRB,Serbia,2005,0.732
SYC,Seychelles,2005,0.762
SLE,Sierra Leone,2005,0.369
SGP,Singapore,2005,0.896
SVK,Slovakia,2005,0.802
SVN,Slovenia,2005,0.869
SLB,Solomon Islands,2005,0.516
SOM,Somalia,2005,0.38
ZAF,South Africa,2005,0.632
SSD,South Sudan,2005,0.406
ESP,Spain,2005,0.851
LKA,Sri Lanka,2005,0.71
SDN,Sudan,2005,0.448
SUR,Suriname,2005,0.673
SWE,Sweden,2005,0.903
CHE,Switzerland,2005,0.903
SYR,Syrian Arab Republic,2005,0.639
TJK,Tajikistan,2005,0.606
TZA,Tanzania (United Republic of),2005,0.445
THA,Thailand,2005,0.715
TLS,Timor-Leste,2005,0.553
TGO,Togo,2005,0.446
TON,Tonga,2005,0.695
TTO,Trinidad and Tobago,2005,0.753
TUN,Tunisia,2005,0.686
TUR,Türkiye,2005,0.701
TKM,Turkmenistan,2005,0.652
TUV,Tuvalu,2005,0.614
UGA,Uganda,2005,0.451
UKR,Ukraine,2005,0.743
ARE,United Arab Emirates,2005,0.815
GBR,United Kingdom,2005,0.895
USA,United States,2005,0.904
URY,Uruguay,2005,0.768
UZB,Uzbekistan,2005,0.636
VUT,Vanuatu,2005,0.557
VEN,Venezuela (Bolivarian Republic of),2005,0.722
VNM,Viet Nam,2005,0.645
YEM,Yemen,2005,0.476
ZMB,Zambia,2005,0.472
ZWE,Zimbabwe,2005,0.42
AFG,Afghanistan,2006,0.41
ALB,Albania,2006,0.728
DZA,Algeria,2006,0.696
AND,Andorra,2006,0.842
AGO,Angola,2006,0.463
ATG,Antigua and Barbuda,2006,0.816
ARG,Argentina,2006,0.814
ARM,Armenia,2006,0.714
AUS,Australia,2006,0.914
AUT,Austria,2006,0.893
AZE,Azerbaijan,2006,0.701
BHS,Bahamas,2006,0.8
BHR,Bahrain,2006,0.794
BGD,Bangladesh,2006,0.53
BRB,Barbados,2006,0.784
BLR,Belarus,2006,0.761
BEL,Belgium,2006,0.904
BLZ,Belize,2006,0.697
BEN,Benin,2006,0.456
BTN,Bhutan,2006,0.582
BOL,Bolivia (Plurinational State of),2006,0.637
BIH,Bosnia and Herzegovina,2006,0.687
BWA,Botswana,2006,0.615
BRA,Brazil,2006,0.701
BRN,Brunei Darussalam,2006,0.817
BGR,Bulgaria,2006,0.77
BFA,Burkina Faso,2006,0.335
BDI,Burundi,2006,0.365
CPV,Cabo Verde,2006,0.633
KHM,Cambodia,2006,0.522
CMR,Cameroon,2006,0.46
CAN,Canada,2006,0.907
CAF,Central African Republic,2006,0.333
TCD,Chad,2006,0.328
CHL,Chile,2006,0.796
CHN,China,2006,0.656
COL,Colombia,2006,0.703
COM,Comoros,2006,0.497
COG,Congo,2006,0.552
COD,Congo (Democratic Republic of the),2006,0.397
CRI,Costa Rica,2006,0.745
CIV,Côte d'Ivoire,2006,0.455
HRV,Croatia,2006,0.814
CUB,Cuba,2006,0.761
CYP,Cyprus,2006,0.839
CZE,Czechia,2006,0.856
DNK,Denmark,2006,0.911
DJI,Djibouti,2006,0.384
DMA,Dominica,2006,0.731
DOM,Dominican Republic,2006,0.684
ECU,Ecuador,2006,0.719
EGY,Egypt,2006,0.642
SLV,El Salvador,2006,0.645
GNQ,Equatorial Guinea,2006,0.587
ERI,Eritrea,2006,0.466
EST,Estonia,2006,0.856
SWZ,Eswatini (Kingdom of),2006,0.454
ETH,Ethiopia,2006,0.359
FJI,Fiji,2006,0.687
FIN,Finland,2006,0.909
FRA,France,2006,0.873
GAB,Gabon,2006,0.643
GMB,Gambia,2006,0.427
GEO,Georgia,2006,0.744
DEU,Germany,2006,0.92
GHA,Ghana,2006,0.537
GRC,Greece,2006,0.872
GRD,Grenada,2006,0.772
GTM,Guatemala,2006,0.58
GIN,Guinea,2006,0.394
GNB,Guinea-Bissau,2006,0.414
GUY,Guyana,2006,0.624
HTI,Haiti,2006,0.51
HND,Honduras,2006,0.579
HKG,"Hong Kong, China (SAR)",2006,0.878
HUN,Hungary,2006,0.815
ISL,Iceland,2006,0.928
IND,India,2006,0.541
IDN,Indonesia,2006,0.643
IRN,Iran (Islamic Republic of),2006,0.738
IRQ,Iraq,2006,0.591
IRL,Ireland,2006,0.898
ISR,Israel,2006,0.864
ITA,Italy,2006,0.874
JAM,Jamaica,2006,0.695
JPN,Japan,2006,0.898
JOR,Jordan,2006,0.719
KAZ,Kazakhstan,2006,0.75
KEN,Kenya,2006,0.531
KIR,Kiribati,2006,0.581
KOR,Korea (Republic of),2006,0.866
KWT,Kuwait,2006,0.8
KGZ,Kyrgyzstan,2006,0.646
LAO,Lao People's Democratic Republic,2006,0.517
LVA,Latvia,2006,0.821
LBN,Lebanon,2006,0.711
LSO,Lesotho,2006,0.444
LBR,Liberia,2006,0.443
LBY,Libya,2006,0.768
LIE,Liechtenstein,2006,0.907
LTU,Lithuania,2006,0.828
LUX,Luxembourg,2006,0.882
MDG,Madagascar,2006,0.469
MWI,Malawi,2006,0.426
MYS,Malaysia,2006,0.732
MDV,Maldives,2006,0.67
MLI,Mali,2006,0.373
MLT,Malta,2006,0.832
MHL,Marshall Islands,2006,0.656
MRT,Mauritania,2006,0.495
MUS,Mauritius,2006,0.725
MEX,Mexico,2006,0.741
FSM,Micronesia (Federated States of),2006,0.643
MDA,Moldova (Republic of),2006,0.706
MNG,Mongolia,2006,0.669
MNE,Montenegro,2006,0.771
MAR,Morocco,2006,0.576
MOZ,Mozambique,2006,0.367
MMR,Myanmar,2006,0.466
NAM,Namibia,2006,0.559
NRU,Nauru,2006,0.499
NPL,Nepal,2006,0.503
NLD,Netherlands,2006,0.905
NZL,New Zealand,2006,0.918
NIC,Nicaragua,2006,0.59
NER,Niger,2006,0.303
NGA,Nigeria,2006,0.475
MKD,North Macedonia,2006,0.712
NOR,Norway,2006,0.934
OMN,Oman,2006,0.757
PAK,Pakistan,2006,0.485
PLW,Palau,2006,0.78
PSE,"Palestine, State of",2006,0.662
PAN,Panama,2006,0.756
PNG,Papua New Guinea,2006,0.471
PRY,Paraguay,2006,0.674
PER,Peru,2006,0.69
PHL,Philippines,2006,0.659
POL,Poland,2006,0.824
PRT,Portugal,2006,0.819
QAT,Qatar,2006,0.818
ROU,Romania,2006,0.768
RUS,Russian Federation,2006,0.778
RWA,Rwanda,2006,0.44
KNA,Saint Kitts and Nevis,2006,0.765
LCA,Saint Lucia,2006,0.722
VCT,Saint Vincent and the Grenadines,2006,0.737
WSM,Samoa,2006,0.695
SMR,San Marino,2006,0.892
STP,Sao Tome and Principe,2006,0.539
SAU,Saudi Arabia,2006,0.785
SEN,Senegal,2006,0.429
SRB,Serbia,2006,0.743
SYC,Seychelles,2006,0.753
SLE,Sierra Leone,2006,0.371
SGP,Singapore,2006,0.901
SVK,Slovakia,2006,0.812
SVN,Slovenia,2006,0.878
SLB,Solomon Islands,2006,0.523
SOM,Somalia,2006,0.38
ZAF,South Africa,2006,0.637
SSD,South Sudan,2006,0.406
ESP,Spain,2006,0.856
LKA,Sri Lanka,2006,0.713
SDN,Sudan,2006,0.466
SUR,Suriname,2006,0.678
SWE,Sweden,2006,0.907
CHE,Switzerland,2006,0.913
SYR,Syrian Arab Republic,2006,0.65
TJK,Tajikistan,2006,0.615
TZA,Tanzania (United Republic of),2006,0.455
THA,Thailand,2006,0.721
TLS,Timor-Leste,2006,0.579
TGO,Togo,2006,0.452
TON,Tonga,2006,0.696
TTO,Trinidad and Tobago,2006,0.762
TUN,Tunisia,2006,0.693
TUR,Türkiye,2006,0.711
TKM,Turkmenistan,2006,0.661
TUV,Tuvalu,2006,0.616
UGA,Uganda,2006,0.463
UKR,Ukraine,2006,0.752
ARE,United Arab Emirates,2006,0.82
GBR,United Kingdom,2006,0.894
USA,United States,2006,0.908
URY,Uruguay,2006,0.767
UZB,Uzbekistan,2006,0.642
VUT,Vanuatu,2006,0.564
VEN,Venezuela (Bolivarian Republic of),2006,0.73
VNM,Viet Nam,2006,0.653
YEM,Yemen,2006,0.481
ZMB,Zambia,2006,0.484
ZWE,Zimbabwe,2006,0.422
AFG,Afghanistan,2007,0.426
ALB,Albania,2007,0.74
DZA,Algeria,2007,0.701
AND,Andorra,2007,0.851
AGO,Angola,2007,0.48
ATG,Antigua and Barbuda,2007,0.816
ARG,Argentina,2007,0.817
ARM,Armenia,2007,0.73
AUS,Australia,2007,0.916
AUT,Austria,2007,0.896
AZE,Azerbaijan,2007,0.714
BHS,Bahamas,2007,0.8
BHR,Bahrain,2007,0.8
BGD,Bangladesh,2007,0.533
BRB,Barbados,2007,0.789
BLR,Belarus,2007,0.772
BEL,Belgium,2007,0.907
BLZ,Belize,2007,0.704
BEN,Benin,2007,0.464
BTN,Bhutan,2007,0.582
BOL,Bolivia (Plurinational State of),2007,0.644
BIH,Bosnia and Herzegovina,2007,0.702
BWA,Botswana,2007,0.629
BRA,Brazil,2007,0.708
BRN,Brunei Darussalam,2007,0.82
BGR,Bulgaria,2007,0.776
BFA,Burkina Faso,2007,0.339
BDI,Burundi,2007,0.377
CPV,Cabo Verde,2007,0.639
KHM,Cambodia,2007,0.531
CMR,Cameroon,2007,0.472
CAN,Canada,2007,0.907
CAF,Central African Republic,2007,0.339
TCD,Chad,2007,0.339
CHL,Chile,2007,0.801
CHN,China,2007,0.668
COL,Colombia,2007,0.715
COM,Comoros,2007,0.503
COG,Congo,2007,0.553
COD,Congo (Democratic Republic of the),2007,0.401
CRI,Costa Rica,2007,0.754
CIV,Côte d'Ivoire,2007,0.458
HRV,Croatia,2007,0.818
CUB,Cuba,2007,0.775
CYP,Cyprus,2007,0.845
CZE,Czechia,2007,0.862
DNK,Denmark,2007,0.912
DJI,Djibouti,2007,0.394
DMA,Dominica,2007,0.73
DOM,Dominican Republic,2007,0.692
ECU,Ecuador,2007,0.722
EGY,Egypt,2007,0.649
SLV,El Salvador,2007,0.651
GNQ,Equatorial Guinea,2007,0.599
ERI,Eritrea,2007,0.465
EST,Estonia,2007,0.859
SWZ,Eswatini (Kingdom of),2007,0.464
ETH,Ethiopia,2007,0.376
FJI,Fiji,2007,0.689
FIN,Finland,2007,0.911
FRA,France,2007,0.876
GAB,Gabon,2007,0.646
GMB,Gambia,2007,0.433
GEO,Georgia,2007,0.755
DEU,Germany,2007,0.923
GHA,Ghana,2007,0.547
GRC,Greece,2007,0.866
GRD,Grenada,2007,0.778
GTM,Guatemala,2007,0.59
GIN,Guinea,2007,0.402
GNB,Guinea-Bissau,2007,0.421
GUY,Guyana,2007,0.631
HTI,Haiti,2007,0.516
HND,Honduras,2007,0.584
HKG,"Hong Kong, China (SAR)",2007,0.892
HUN,Hungary,2007,0.818
ISL,Iceland,2007,0.933
IND,India,2007,0.55
IDN,Indonesia,2007,0.646
IRN,Iran (Islamic Republic of),2007,0.742
IRQ,Iraq,2007,0.596
IRL,Ireland,2007,0.904
ISR,Israel,2007,0.876
ITA,Italy,2007,0.878
JAM,Jamaica,2007,0.703
JPN,Japan,2007,0.9
JOR,Jordan,2007,0.716
KAZ,Kazakhstan,2007,0.757
KEN,Kenya,2007,0.54
KIR,Kiribati,2007,0.582
KOR,Korea (Republic of),2007,0.871
KWT,Kuwait,2007,0.802
KGZ,Kyrgyzstan,2007,0.652
LAO,Lao People's Democratic Republic,2007,0.531
LVA,Latvia,2007,0.825
LBN,Lebanon,2007,0.724
LSO,Lesotho,2007,0.45
LBR,Liberia,2007,0.448
LBY,Libya,2007,0.771
LIE,Liechtenstein,2007,0.909
LTU,Lithuania,2007,0.835
LUX,Luxembourg,2007,0.885
MDG,Madagascar,2007,0.477
MWI,Malawi,2007,0.433
MYS,Malaysia,2007,0.744
MDV,Maldives,2007,0.67
MLI,Mali,2007,0.381
MLT,Malta,2007,0.84
MHL,Marshall Islands,2007,0.656
MRT,Mauritania,2007,0.495
MUS,Mauritius,2007,0.732
MEX,Mexico,2007,0.743
FSM,Micronesia (Federated States of),2007,0.642
MDA,Moldova (Republic of),2007,0.711
MNG,Mongolia,2007,0.68
MNE,Montenegro,2007,0.783
MAR,Morocco,2007,0.583
MOZ,Mozambique,2007,0.38
MMR,Myanmar,2007,0.475
NAM,Namibia,2007,0.567
NRU,Nauru,2007,0.506
NPL,Nepal,2007,0.508
NLD,Netherlands,2007,0.911
NZL,New Zealand,2007,0.919
NIC,Nicaragua,2007,0.596
NER,Niger,2007,0.309
NGA,Nigeria,2007,0.479
MKD,North Macedonia,2007,0.717
NOR,Norway,2007,0.936
OMN,Oman,2007,0.764
PAK,Pakistan,2007,0.49
PLW,Palau,2007,0.782
PSE,"Palestine, State of",2007,0.672
PAN,Panama,2007,0.765
PNG,Papua New Guinea,2007,0.479
PRY,Paraguay,2007,0.681
PER,Peru,2007,0.7
PHL,Philippines,2007,0.663
POL,Poland,2007,0.828
PRT,Portugal,2007,0.822
QAT,Qatar,2007,0.827
ROU,Romania,2007,0.78
RUS,Russian Federation,2007,0.789
RWA,Rwanda,2007,0.454
KNA,Saint Kitts and Nevis,2007,0.769
LCA,Saint Lucia,2007,0.721
VCT,Saint Vincent and the Grenadines,2007,0.747
WSM,Samoa,2007,0.7
SMR,San Marino,2007,0.895
STP,Sao Tome and Principe,2007,0.543
SAU,Saudi Arabia,2007,0.786
SEN,Senegal,2007,0.442
SRB,Serbia,2007,0.753
SYC,Seychelles,2007,0.771
SLE,Sierra Leone,2007,0.392
SGP,Singapore,2007,0.906
SVK,Slovakia,2007,0.822
SVN,Slovenia,2007,0.881
SLB,Solomon Islands,2007,0.524
SOM,Somalia,2007,0.38
ZAF,South Africa,2007,0.644
SSD,South Sudan,2007,0.406
ESP,Spain,2007,0.857
LKA,Sri Lanka,2007,0.718
SDN,Sudan,2007,0.472
SUR,Suriname,2007,0.684
SWE,Sweden,2007,0.909
CHE,Switzerland,2007,0.92
SYR,Syrian Arab Republic,2007,0.657
TJK,Tajikistan,2007,0.62
TZA,Tanzania (United Republic of),2007,0.464
THA,Thailand,2007,0.732
TLS,Timor-Leste,2007,0.601
TGO,Togo,2007,0.445
TON,Tonga,2007,0.698
TTO,Trinidad and Tobago,2007,0.768
TUN,Tunisia,2007,0.7
TUR,Türkiye,2007,0.718
TKM,Turkmenistan,2007,0.672
TUV,Tuvalu,2007,0.618
UGA,Uganda,2007,0.473
UKR,Ukraine,2007,0.759
ARE,United Arab Emirates,2007,0.825
GBR,United Kingdom,2007,0.897
USA,United States,2007,0.911
URY,Uruguay,2007,0.769
UZB,Uzbekistan,2007,0.655
VUT,Vanuatu,2007,0.567
VEN,Venezuela (Bolivarian Republic of),2007,0.747
VNM,Viet Nam,2007,0.66
YEM,Yemen,2007,0.485
ZMB,Zambia,2007,0.495
ZWE,Zimbabwe,2007,0.423
AFG,Afghanistan,2008,0.431
ALB,Albania,2008,0.747
DZA,Algeria,2008,0.709
AND,Andorra,2008,0.857
AGO,Angola,2008,0.492
ATG,Antigua and Barbuda,2008,0.816
ARG,Argentina,2008,0.825
ARM,Armenia,2008,0.733
AUS,Australia,2008,0.92
AUT,Austria,2008,0.899
AZE,Azerbaijan,2008,0.723
BHS,Bahamas,2008,0.801
BHR,Bahrain,2008,0.803
BGD,Bangladesh,2008,0.535
BRB,Barbados,2008,0.792
BLR,Belarus,2008,0.782
BEL,Belgium,2008,0.909
BLZ,Belize,2008,0.709
BEN,Benin,2008,0.47
BTN,Bhutan,2008,0.582
BOL,Bolivia (Plurinational State of),2008,0.651
BIH,Bosnia and Herzegovina,2008,0.714
BWA,Botswana,2008,0.637
BRA,Brazil,2008,0.714
BRN,Brunei Darussalam,2008,0.821
BGR,Bulgaria,2008,0.782
BFA,Burkina Faso,2008,0.352
BDI,Burundi,2008,0.39
CPV,Cabo Verde,2008,0.643
KHM,Cambodia,2008,0.536
CMR,Cameroon,2008,0.487
CAN,Canada,2008,0.909
CAF,Central African Republic,2008,0.345
TCD,Chad,2008,0.343
CHL,Chile,2008,0.812
CHN,China,2008,0.678
COL,Colombia,2008,0.722
COM,Comoros,2008,0.51
COG,Congo,2008,0.561
COD,Congo (Democratic Republic of the),2008,0.41
CRI,Costa Rica,2008,0.762
CIV,Côte d'Ivoire,2008,0.461
HRV,Croatia,2008,0.821
CUB,Cuba,2008,0.784
CYP,Cyprus,2008,0.853
CZE,Czechia,2008,0.865
DNK,Denmark,2008,0.915
DJI,Djibouti,2008,0.401
DMA,Dominica,2008,0.741
DOM,Dominican Republic,2008,0.697
ECU,Ecuador,2008,0.728
EGY,Egypt,2008,0.656
SLV,El Salvador,2008,0.651
GNQ,Equatorial Guinea,2008,0.606
ERI,Eritrea,2008,0.45
EST,Estonia,2008,0.861
SWZ,Eswatini (Kingdom of),2008,0.473
ETH,Ethiopia,2008,0.391
FJI,Fiji,2008,0.693
FIN,Finland,2008,0.913
FRA,France,2008,0.877
GAB,Gabon,2008,0.647
GMB,Gambia,2008,0.442
GEO,Georgia,2008,0.751
DEU,Germany,2008,0.926
GHA,Ghana,2008,0.558
GRC,Greece,2008,0.871
GRD,Grenada,2008,0.781
GTM,Guatemala,2008,0.599
GIN,Guinea,2008,0.408
GNB,Guinea-Bissau,2008,0.426
GUY,Guyana,2008,0.636
HTI,Haiti,2008,0.52
HND,Honduras,2008,0.589
HKG,"Hong Kong, China (SAR)",2008,0.908
HUN,Hungary,2008,0.824
ISL,Iceland,2008,0.927
IND,India,2008,0.557
IDN,Indonesia,2008,0.649
IRN,Iran (Islamic Republic of),2008,0.744
IRQ,Iraq,2008,0.612
IRL,Ireland,2008,0.905
ISR,Israel,2008,0.877
ITA,Italy,2008,0.878
JAM,Jamaica,2008,0.712
JPN,Japan,2008,0.901
JOR,Jordan,2008,0.726
KAZ,Kazakhstan,2008,0.757
KEN,Kenya,2008,0.546
KIR,Kiribati,2008,0.583
KOR,Korea (Republic of),2008,0.874
KWT,Kuwait,2008,0.806
KGZ,Kyrgyzstan,2008,0.657
LAO,Lao People's Democratic Republic,2008,0.539
LVA,Latvia,2008,0.832
LBN,Lebanon,2008,0.733
LSO,Lesotho,2008,0.453
LBR,Liberia,2008,0.453
LBY,Libya,2008,0.773
LIE,Liechtenstein,2008,0.918
LTU,Lithuania,2008,0.843
LUX,Luxembourg,2008,0.898
MDG,Madagascar,2008,0.485
MWI,Malawi,2008,0.442
MYS,Malaysia,2008,0.754
MDV,Maldives,2008,0.682
MLI,Mali,2008,0.39
MLT,Malta,2008,0.844
MHL,Marshall Islands,2008,0.656
MRT,Mauritania,2008,0.495
MUS,Mauritius,2008,0.739
MEX,Mexico,2008,0.745
FSM,Micronesia (Federated States of),2008,0.641
MDA,Moldova (Republic of),2008,0.718
MNG,Mongolia,2008,0.69
MNE,Montenegro,2008,0.797
MAR,Morocco,2008,0.59
MOZ,Mozambique,2008,0.391
MMR,Myanmar,2008,0.461
NAM,Namibia,2008,0.574
NRU,Nauru,2008,0.547
NPL,Nepal,2008,0.518
NLD,Netherlands,2008,0.911
NZL,New Zealand,2008,0.919
NIC,Nicaragua,2008,0.602
NER,Niger,2008,0.318
NGA,Nigeria,2008,0.482
MKD,North Macedonia,2008,0.736
NOR,Norway,2008,0.935
OMN,Oman,2008,0.77
PAK,Pakistan,2008,0.489
PLW,Palau,2008,0.78
PSE,"Palestine, State of",2008,0.678
PAN,Panama,2008,0.769
PNG,Papua New Guinea,2008,0.484
PRY,Paraguay,2008,0.691
PER,Peru,2008,0.707
PHL,Philippines,2008,0.666
POL,Poland,2008,0.834
PRT,Portugal,2008,0.825
QAT,Qatar,2008,0.835
ROU,Romania,2008,0.807
RUS,Russian Federation,2008,0.793
RWA,Rwanda,2008,0.465
KNA,Saint Kitts and Nevis,2008,0.776
LCA,Saint Lucia,2008,0.73
VCT,Saint Vincent and the Grenadines,2008,0.752
WSM,Samoa,2008,0.702
SMR,San Marino,2008,0.898
STP,Sao Tome and Principe,2008,0.544
SAU,Saudi Arabia,2008,0.794
SEN,Senegal,2008,0.454
SRB,Serbia,2008,0.764
SYC,Seychelles,2008,0.77
SLE,Sierra Leone,2008,0.403
SGP,Singapore,2008,0.91
SVK,Slovakia,2008,0.831
SVN,Slovenia,2008,0.889
SLB,Solomon Islands,2008,0.533
SOM,Somalia,2008,0.38
ZAF,South Africa,2008,0.653
SSD,South Sudan,2008,0.406
ESP,Spain,2008,0.858
LKA,Sri Lanka,2008,0.719
SDN,Sudan,2008,0.48
SUR,Suriname,2008,0.689
SWE,Sweden,2008,0.905
CHE,Switzerland,2008,0.926
SYR,Syrian Arab Republic,2008,0.651
TJK,Tajikistan,2008,0.628
TZA,Tanzania (United Republic of),2008,0.472
THA,Thailand,2008,0.735
TLS,Timor-Leste,2008,0.627
TGO,Togo,2008,0.452
TON,Tonga,2008,0.704
TTO,Trinidad and Tobago,2008,0.771
TUN,Tunisia,2008,0.705
TUR,Türkiye,2008,0.721
TKM,Turkmenistan,2008,0.682
TUV,Tuvalu,2008,0.624
UGA,Uganda,2008,0.481
UKR,Ukraine,2008,0.763
ARE,United Arab Emirates,2008,0.827
GBR,United Kingdom,2008,0.902
USA,United States,2008,0.912
URY,Uruguay,2008,0.773
UZB,Uzbekistan,2008,0.66
VUT,Vanuatu,2008,0.575
VEN,Venezuela (Bolivarian Republic of),2008,0.754
VNM,Viet Nam,2008,0.665
YEM,Yemen,2008,0.488
ZMB,Zambia,2008,0.506
ZWE,Zimbabwe,2008,0.42
AFG,Afghanistan,2009,0.441
ALB,Albania,2009,0.752
DZA,Algeria,2009,0.716
AND,Andorra,2009,0.859
AGO,Angola,2009,0.506
ATG,Antigua and Barbuda,2009,0.81
ARG,Argentina,2009,0.827
ARM,Armenia,2009,0.732
AUS,Australia,2009,0.922
AUT,Austria,2009,0.898
AZE,Azerbaijan,2009,0.729
BHS,Bahamas,2009,0.798
BHR,Bahrain,2009,0.803
BGD,Bangladesh,2009,0.547
BRB,Barbados,2009,0.794
BLR,Belarus,2009,0.784
BEL,Belgium,2009,0.91
BLZ,Belize,2009,0.715
BEN,Benin,2009,0.475
BTN,Bhutan,2009,0.582
BOL,Bolivia (Plurinational State of),2009,0.657
BIH,Bosnia and Herzegovina,2009,0.716
BWA,Botswana,2009,0.639
BRA,Brazil,2009,0.717
BRN,Brunei Darussalam,2009,0.823
BGR,Bulgaria,2009,0.784
BFA,Burkina Faso,2009,0.362
BDI,Burundi,2009,0.397
CPV,Cabo Verde,2009,0.645
KHM,Cambodia,2009,0.538
CMR,Cameroon,2009,0.502
CAN,Canada,2009,0.91
CAF,Central African Republic,2009,0.35
TCD,Chad,2009,0.357
CHL,Chile,2009,0.811
CHN,China,2009,0.689
COL,Colombia,2009,0.728
COM,Comoros,2009,0.517
COG,Congo,2009,0.574
COD,Congo (Democratic Republic of the),2009,0.416
CRI,Costa Rica,2009,0.765
CIV,Côte d'Ivoire,2009,0.465
HRV,Croatia,2009,0.819
CUB,Cuba,2009,0.784
CYP,Cyprus,2009,0.857
CZE,Czechia,2009,0.866
DNK,Denmark,2009,0.909
DJI,Djibouti,2009,0.411
DMA,Dominica,2009,0.736
DOM,Dominican Republic,2009,0.701
ECU,Ecuador,2009,0.73
EGY,Egypt,2009,0.661
SLV,El Salvador,2009,0.651
GNQ,Equatorial Guinea,2009,0.613
ERI,Eritrea,2009,0.455
EST,Estonia,2009,0.859
SWZ,Eswatini (Kingdom of),2009,0.481
ETH,Ethiopia,2009,0.399
FJI,Fiji,2009,0.696
FIN,Finland,2009,0.908
FRA,France,2009,0.875
GAB,Gabon,2009,0.652
GMB,Gambia,2009,0.446
GEO,Georgia,2009,0.756
DEU,Germany,2009,0.925
GHA,Ghana,2009,0.563
GRC,Greece,2009,0.873
GRD,Grenada,2009,0.777
GTM,Guatemala,2009,0.606
GIN,Guinea,2009,0.41
GNB,Guinea-Bissau,2009,0.434
GUY,Guyana,2009,0.641
HTI,Haiti,2009,0.526
HND,Honduras,2009,0.592
HKG,"Hong Kong, China (SAR)",2009,0.91
HUN,Hungary,2009,0.826
ISL,Iceland,2009,0.925
IND,India,2009,0.562
IDN,Indonesia,2009,0.66
IRN,Iran (Islamic Republic of),2009,0.748
IRQ,Iraq,2009,0.622
IRL,Ireland,2009,0.9
ISR,Israel,2009,0.881
ITA,Italy,2009,0.877
JAM,Jamaica,2009,0.712
JPN,Japan,2009,0.9
JOR,Jordan,2009,0.728
KAZ,Kazakhstan,2009,0.76
KEN,Kenya,2009,0.546
KIR,Kiribati,2009,0.58
KOR,Korea (Republic of),2009,0.876
KWT,Kuwait,2009,0.808
KGZ,Kyrgyzstan,2009,0.661
LAO,Lao People's Democratic Republic,2009,0.549
LVA,Latvia,2009,0.831
LBN,Lebanon,2009,0.741
LSO,Lesotho,2009,0.457
LBR,Liberia,2009,0.456
LBY,Libya,2009,0.772
LIE,Liechtenstein,2009,0.913
LTU,Lithuania,2009,0.843
LUX,Luxembourg,2009,0.908
MDG,Madagascar,2009,0.488
MWI,Malawi,2009,0.452
MYS,Malaysia,2009,0.761
MDV,Maldives,2009,0.684
MLI,Mali,2009,0.398
MLT,Malta,2009,0.849
MHL,Marshall Islands,2009,0.656
MRT,Mauritania,2009,0.505
MUS,Mauritius,2009,0.746
MEX,Mexico,2009,0.745
FSM,Micronesia (Federated States of),2009,0.642
MDA,Moldova (Republic of),2009,0.713
MNG,Mongolia,2009,0.694
MNE,Montenegro,2009,0.798
MAR,Morocco,2009,0.596
MOZ,Mozambique,2009,0.4
MMR,Myanmar,2009,0.497
NAM,Namibia,2009,0.579
NRU,Nauru,2009,0.545
NPL,Nepal,2009,0.53
NLD,Netherlands,2009,0.912
NZL,New Zealand,2009,0.922
NIC,Nicaragua,2009,0.603
NER,Niger,2009,0.325
NGA,Nigeria,2009,0.486
MKD,North Macedonia,2009,0.74
NOR,Norway,2009,0.935
OMN,Oman,2009,0.784
PAK,Pakistan,2009,0.493
PLW,Palau,2009,0.777
PSE,"Palestine, State of",2009,0.683
PAN,Panama,2009,0.771
PNG,Papua New Guinea,2009,0.489
PRY,Paraguay,2009,0.691
PER,Peru,2009,0.711
PHL,Philippines,2009,0.666
POL,Poland,2009,0.838
PRT,Portugal,2009,0.827
QAT,Qatar,2009,0.833
ROU,Romania,2009,0.819
RUS,Russian Federation,2009,0.791
RWA,Rwanda,2009,0.477
KNA,Saint Kitts and Nevis,2009,0.782
LCA,Saint Lucia,2009,0.733
VCT,Saint Vincent and the Grenadines,2009,0.756
WSM,Samoa,2009,0.693
SMR,San Marino,2009,0.9
STP,Sao Tome and Principe,2009,0.55
SAU,Saudi Arabia,2009,0.798
SEN,Senegal,2009,0.461
SRB,Serbia,2009,0.766
SYC,Seychelles,2009,0.771
SLE,Sierra Leone,2009,0.411
SGP,Singapore,2009,0.91
SVK,Slovakia,2009,0.834
SVN,Slovenia,2009,0.886
SLB,Solomon Islands,2009,0.54
SOM,Somalia,2009,0.38
ZAF,South Africa,2009,0.665
SSD,South Sudan,2009,0.406
ESP,Spain,2009,0.86
LKA,Sri Lanka,2009,0.711
SDN,Sudan,2009,0.489
SUR,Suriname,2009,0.693
SWE,Sweden,2009,0.904
CHE,Switzerland,2009,0.935
SYR,Syrian Arab Republic,2009,0.66
TJK,Tajikistan,2009,0.629
TZA,Tanzania (United Republic of),2009,0.482
THA,Thailand,2009,0.738
TLS,Timor-Leste,2009,0.625
TGO,Togo,2009,0.46
TON,Tonga,2009,0.704
TTO,Trinidad and Tobago,2009,0.782
TUN,Tunisia,2009,0.709
TUR,Türkiye,2009,0.728
TKM,Turkmenistan,2009,0.69
TUV,Tuvalu,2009,0.622
UGA,Uganda,2009,0.491
UKR,Ukraine,2009,0.761
ARE,United Arab Emirates,2009,0.825
GBR,United Kingdom,2009,0.907
USA,United States,2009,0.913
URY,Uruguay,2009,0.776
UZB,Uzbekistan,2009,0.666
VUT,Vanuatu,2009,0.576
VEN,Venezuela (Bolivarian Republic of),2009,0.754
VNM,Viet Nam,2009,0.671
YEM,Yemen,2009,0.493
ZMB,Zambia,2009,0.519
ZWE,Zimbabwe,2009,0.454
AFG,Afghanistan,2010,0.449
ALB,Albania,2010,0.766
DZA,Algeria,2010,0.721
AND,Andorra,2010,0.863
AGO,Angola,2010,0.516
ATG,Antigua and Barbuda,2010,0.808
ARG,Argentina,2010,0.834
ARM,Armenia,2010,0.739
AUS,Australia,2010,0.924
AUT,Austria,2010,0.903
AZE,Azerbaijan,2010,0.733
BHS,Bahamas,2010,0.8
BHR,Bahrain,2010,0.807
BGD,Bangladesh,2010,0.558
BRB,Barbados,2010,0.792
BLR,Belarus,2010,0.79
BEL,Belgium,2010,0.913
BLZ,Belize,2010,0.72
BEN,Benin,2010,0.481
BTN,Bhutan,2010,0.582
BOL,Bolivia (Plurinational State of),2010,0.661
BIH,Bosnia and Herzegovina,2010,0.718
BWA,Botswana,2010,0.652
BRA,Brazil,2010,0.722
BRN,Brunei Darussalam,2010,0.825
BGR,Bulgaria,2010,0.79
BFA,Burkina Faso,2010,0.372
BDI,Burundi,2010,0.404
CPV,Cabo Verde,2010,0.649
KHM,Cambodia,2010,0.542
CMR,Cameroon,2010,0.515
CAN,Canada,2010,0.911
CAF,Central African Republic,2010,0.357
TCD,Chad,2010,0.364
CHL,Chile,2010,0.813
CHN,China,2010,0.698
COL,Colombia,2010,0.732
COM,Comoros,2010,0.524
COG,Congo,2010,0.581
COD,Congo (Democratic Republic of the),2010,0.424
CRI,Costa Rica,2010,0.769
CIV,Côte d'Ivoire,2010,0.47
HRV,Croatia,2010,0.824
CUB,Cuba,2010,0.779
CYP,Cyprus,2010,0.859
CZE,Czechia,2010,0.872
DNK,Denmark,2010,0.913
DJI,Djibouti,2010,0.422
DMA,Dominica,2010,0.735
DOM,Dominican Republic,2010,0.707
ECU,Ecuador,2010,0.736
EGY,Egypt,2010,0.667
SLV,El Salvador,2010,0.657
GNQ,Equatorial Guinea,2010,0.609
ERI,Eritrea,2010,0.458
EST,Estonia,2010,0.864
SWZ,Eswatini (Kingdom of),2010,0.498
ETH,Ethiopia,2010,0.409
FJI,Fiji,2010,0.699
FIN,Finland,2010,0.912
FRA,France,2010,0.88
GAB,Gabon,2010,0.656
GMB,Gambia,2010,0.449
GEO,Georgia,2010,0.763
DEU,Germany,2010,0.929
GHA,Ghana,2010,0.571
GRC,Greece,2010,0.874
GRD,Grenada,2010,0.779
GTM,Guatemala,2010,0.613
GIN,Guinea,2010,0.415
GNB,Guinea-Bissau,2010,0.441
GUY,Guyana,2010,0.65
HTI,Haiti,2010,0.449
HND,Honduras,2010,0.596
HKG,"Hong Kong, China (SAR)",2010,0.914
HUN,Hungary,2010,0.829
ISL,Iceland,2010,0.927
IND,India,2010,0.572
IDN,Indonesia,2010,0.667
IRN,Iran (Islamic Republic of),2010,0.756
IRQ,Iraq,2010,0.629
IRL,Ireland,2010,0.908
ISR,Israel,2010,0.887
ITA,Italy,2010,0.88
JAM,Jamaica,2010,0.711
JPN,Japan,2010,0.903
JOR,Jordan,2010,0.727
KAZ,Kazakhstan,2010,0.766
KEN,Kenya,2010,0.545
KIR,Kiribati,2010,0.584
KOR,Korea (Republic of),2010,0.89
KWT,Kuwait,2010,0.811
KGZ,Kyrgyzstan,2010,0.661
LAO,Lao People's Democratic Republic,2010,0.557
LVA,Latvia,2010,0.827
LBN,Lebanon,2010,0.749
LSO,Lesotho,2010,0.47
LBR,Liberia,2010,0.46
LBY,Libya,2010,0.774
LIE,Liechtenstein,2010,0.916
LTU,Lithuania,2010,0.846
LUX,Luxembourg,2010,0.912
MDG,Madagascar,2010,0.488
MWI,Malawi,2010,0.461
MYS,Malaysia,2010,0.768
MDV,Maldives,2010,0.692
MLI,Mali,2010,0.406
MLT,Malta,2010,0.862
MHL,Marshall Islands,2010,0.656
MRT,Mauritania,2010,0.508
MUS,Mauritius,2010,0.755
MEX,Mexico,2010,0.747
FSM,Micronesia (Federated States of),2010,0.644
MDA,Moldova (Republic of),2010,0.716
MNG,Mongolia,2010,0.7
MNE,Montenegro,2010,0.806
MAR,Morocco,2010,0.604
MOZ,Mozambique,2010,0.407
MMR,Myanmar,2010,0.506
NAM,Namibia,2010,0.584
NRU,Nauru,2010,0.559
NPL,Nepal,2010,0.543
NLD,Netherlands,2010,0.917
NZL,New Zealand,2010,0.924
NIC,Nicaragua,2010,0.611
NER,Niger,2010,0.336
NGA,Nigeria,2010,0.488
MKD,North Macedonia,2010,0.746
NOR,Norway,2010,0.938
OMN,Oman,2010,0.798
PAK,Pakistan,2010,0.496
PLW,Palau,2010,0.775
PSE,"Palestine, State of",2010,0.688
PAN,Panama,2010,0.775
PNG,Papua New Guinea,2010,0.497
PRY,Paraguay,2010,0.7
PER,Peru,2010,0.725
PHL,Philippines,2010,0.673
POL,Poland,2010,0.845
PRT,Portugal,2010,0.831
QAT,Qatar,2010,0.829
ROU,Romania,2010,0.813
RUS,Russian Federation,2010,0.797
RWA,Rwanda,2010,0.485
KNA,Saint Kitts and Nevis,2010,0.79
LCA,Saint Lucia,2010,0.731
VCT,Saint Vincent and the Grenadines,2010,0.756
WSM,Samoa,2010,0.704
SMR,San Marino,2010,0.901
STP,Sao Tome and Principe,2010,0.553
SAU,Saudi Arabia,2010,0.805
SEN,Senegal,2010,0.47
SRB,Serbia,2010,0.768
SYC,Seychelles,2010,0.774
SLE,Sierra Leone,2010,0.416
SGP,Singapore,2010,0.921
SVK,Slovakia,2010,0.841
SVN,Slovenia,2010,0.89
SLB,Solomon Islands,2010,0.553
SOM,Somalia,2010,0.38
ZAF,South Africa,2010,0.675
SSD,South Sudan,2010,0.406
ESP,Spain,2010,0.868
LKA,Sri Lanka,2010,0.735
SDN,Sudan,2010,0.489
SUR,Suriname,2010,0.696
SWE,Sweden,2010,0.91
CHE,Switzerland,2010,0.94
SYR,Syrian Arab Republic,2010,0.661
TJK,Tajikistan,2010,0.631
TZA,Tanzania (United Republic of),2010,0.493
THA,Thailand,2010,0.743
TLS,Timor-Leste,2010,0.639
TGO,Togo,2010,0.469
TON,Tonga,2010,0.709
TTO,Trinidad and Tobago,2010,0.785
TUN,Tunisia,2010,0.713
TUR,Türkiye,2010,0.75
TKM,Turkmenistan,2010,0.699
TUV,Tuvalu,2010,0.623
UGA,Uganda,2010,0.5
UKR,Ukraine,2010,0.766
ARE,United Arab Emirates,2010,0.828
GBR,United Kingdom,2010,0.913
USA,United States,2010,0.916
URY,Uruguay,2010,0.785
UZB,Uzbekistan,2010,0.675
VUT,Vanuatu,2010,0.578
VEN,Venezuela (Bolivarian Republic of),2010,0.759
VNM,Viet Nam,2010,0.676
YEM,Yemen,2010,0.496
ZMB,Zambia,2010,0.528
ZWE,Zimbabwe,2010,0.481
AFG,Afghanistan,2011,0.457
ALB,Albania,2011,0.779
DZA,Algeria,2011,0.725
AND,Andorra,2011,0.867
AGO,Angola,2011,0.533
ATG,Antigua and Barbuda,2011,0.805
ARG,Argentina,2011,0.842
ARM,Armenia,2011,0.743
AUS,Australia,2011,0.927
AUT,Austria,2011,0.907
AZE,Azerbaijan,2011,0.735
BHS,Bahamas,2011,0.8
BHR,Bahrain,2011,0.812
BGD,Bangladesh,2011,0.565
BRB,Barbados,2011,0.79
BLR,Belarus,2011,0.798
BEL,Belgium,2011,0.914
BLZ,Belize,2011,0.719
BEN,Benin,2011,0.486
BTN,Bhutan,2011,0.591
BOL,Bolivia (Plurinational State of),2011,0.667
BIH,Bosnia and Herzegovina,2011,0.723
BWA,Botswana,2011,0.66
BRA,Brazil,2011,0.727
BRN,Brunei Darussalam,2011,0.829
BGR,Bulgaria,2011,0.794
BFA,Burkina Faso,2011,0.383
BDI,Burundi,2011,0.408
CPV,Cabo Verde,2011,0.657
KHM,Cambodia,2011,0.546
CMR,Cameroon,2011,0.524
CAN,Canada,2011,0.914
CAF,Central African Republic,2011,0.365
TCD,Chad,2011,0.373
CHL,Chile,2011,0.816
CHN,China,2011,0.706
COL,Colombia,2011,0.738
COM,Comoros,2011,0.532
COG,Congo,2011,0.584
COD,Congo (Democratic Republic of the),2011,0.432
CRI,Costa Rica,2011,0.778
CIV,Côte d'Ivoire,2011,0.468
HRV,Croatia,2011,0.829
CUB,Cuba,2011,0.776
CYP,Cyprus,2011,0.863
CZE,Czechia,2011,0.876
DNK,Denmark,2011,0.927
DJI,Djibouti,2011,0.432
DMA,Dominica,2011,0.724
DOM,Dominican Republic,2011,0.712
ECU,Ecuador,2011,0.743
EGY,Egypt,2011,0.671
SLV,El Salvador,2011,0.657
GNQ,Equatorial Guinea,2011,0.618
ERI,Eritrea,2011,0.473
EST,Estonia,2011,0.873
SWZ,Eswatini (Kingdom of),2011,0.514
ETH,Ethiopia,2011,0.419
FJI,Fiji,2011,0.704
FIN,Finland,2011,0.916
FRA,France,2011,0.884
GAB,Gabon,2011,0.661
GMB,Gambia,2011,0.45
GEO,Georgia,2011,0.771
DEU,Germany,2011,0.935
GHA,Ghana,2011,0.579
GRC,Greece,2011,0.871
GRD,Grenada,2011,0.782
GTM,Guatemala,2011,0.617
GIN,Guinea,2011,0.421
GNB,Guinea-Bissau,2011,0.45
GUY,Guyana,2011,0.663
HTI,Haiti,2011,0.529
HND,Honduras,2011,0.598
HKG,"Hong Kong, China (SAR)",2011,0.921
HUN,Hungary,2011,0.833
ISL,Iceland,2011,0.933
IND,India,2011,0.586
IDN,Indonesia,2011,0.674
IRN,Iran (Islamic Republic of),2011,0.765
IRQ,Iraq,2011,0.637
IRL,Ireland,2011,0.906
ISR,Israel,2011,0.89
ITA,Italy,2011,0.883
JAM,Jamaica,2011,0.715
JPN,Japan,2011,0.902
JOR,Jordan,2011,0.73
KAZ,Kazakhstan,2011,0.774
KEN,Kenya,2011,0.552
KIR,Kiribati,2011,0.583
KOR,Korea (Republic of),2011,0.895
KWT,Kuwait,2011,0.817
KGZ,Kyrgyzstan,2011,0.664
LAO,Lao People's Democratic Republic,2011,0.569
LVA,Latvia,2011,0.833
LBN,Lebanon,2011,0.755
LSO,Lesotho,2011,0.478
LBR,Liberia,2011,0.464
LBY,Libya,2011,0.734
LIE,Liechtenstein,2011,0.919
LTU,Lithuania,2011,0.853
LUX,Luxembourg,2011,0.913
MDG,Madagascar,2011,0.49
MWI,Malawi,2011,0.469
MYS,Malaysia,2011,0.771
MDV,Maldives,2011,0.701
MLI,Mali,2011,0.411
MLT,Malta,2011,0.857
MHL,Marshall Islands,2011,0.656
MRT,Mauritania,2011,0.513
MUS,Mauritius,2011,0.764
MEX,Mexico,2011,0.753
FSM,Micronesia (Federated States of),2011,0.646
MDA,Moldova (Republic of),2011,0.719
MNG,Mongolia,2011,0.71
MNE,Montenegro,2011,0.811
MAR,Morocco,2011,0.616
MOZ,Mozambique,2011,0.412
MMR,Myanmar,2011,0.517
NAM,Namibia,2011,0.59
NRU,Nauru,2011,0.572
NPL,Nepal,2011,0.552
NLD,Netherlands,2011,0.927
NZL,New Zealand,2011,0.924
NIC,Nicaragua,2011,0.619
NER,Niger,2011,0.344
NGA,Nigeria,2011,0.494
MKD,North Macedonia,2011,0.751
NOR,Norway,2011,0.94
OMN,Oman,2011,0.811
PAK,Pakistan,2011,0.5
PLW,Palau,2011,0.778
PSE,"Palestine, State of",2011,0.696
PAN,Panama,2011,0.781
PNG,Papua New Guinea,2011,0.502
PRY,Paraguay,2011,0.711
PER,Peru,2011,0.731
PHL,Philippines,2011,0.677
POL,Poland,2011,0.851
PRT,Portugal,2011,0.836
QAT,Qatar,2011,0.83
ROU,Romania,2011,0.813
RUS,Russian Federation,2011,0.807
RWA,Rwanda,2011,0.493
KNA,Saint Kitts and Nevis,2011,0.801
LCA,Saint Lucia,2011,0.737
VCT,Saint Vincent and the Grenadines,2011,0.759
WSM,Samoa,2011,0.706
SMR,San Marino,2011,0.895
STP,Sao Tome and Principe,2011,0.556
SAU,Saudi Arabia,2011,0.816
SEN,Senegal,2011,0.483
SRB,Serbia,2011,0.773
SYC,Seychelles,2011,0.768
SLE,Sierra Leone,2011,0.424
SGP,Singapore,2011,0.924
SVK,Slovakia,2011,0.846
SVN,Slovenia,2011,0.892
SLB,Solomon Islands,2011,0.557
SOM,Somalia,2011,0.38
ZAF,South Africa,2011,0.686
SSD,South Sudan,2011,0.408
ESP,Spain,2011,0.873
LKA,Sri Lanka,2011,0.741
SDN,Sudan,2011,0.491
SUR,Suriname,2011,0.697
SWE,Sweden,2011,0.912
CHE,Switzerland,2011,0.94
SYR,Syrian Arab Republic,2011,0.687
TJK,Tajikistan,2011,0.636
TZA,Tanzania (United Republic of),2011,0.498
THA,Thailand,2011,0.749
TLS,Timor-Leste,2011,0.649
TGO,Togo,2011,0.483
TON,Tonga,2011,0.716
TTO,Trinidad and Tobago,2011,0.788
TUN,Tunisia,2011,0.715
TUR,Türkiye,2011,0.763
TKM,Turkmenistan,2011,0.708
TUV,Tuvalu,2011,0.623
UGA,Uganda,2011,0.504
UKR,Ukraine,2011,0.772
ARE,United Arab Emirates,2011,0.835
GBR,United Kingdom,2011,0.909
USA,United States,2011,0.918
URY,Uruguay,2011,0.791
UZB,Uzbekistan,2011,0.682
VUT,Vanuatu,2011,0.581
VEN,Venezuela (Bolivarian Republic of),2011,0.766
VNM,Viet Nam,2011,0.681
YEM,Yemen,2011,0.495
ZMB,Zambia,2011,0.534
ZWE,Zimbabwe,2011,0.502
AFG,Afghanistan,2012,0.467
ALB,Albania,2012,0.789
DZA,Algeria,2012,0.726
AND,Andorra,2012,0.867
AGO,Angola,2012,0.545
ATG,Antigua and Barbuda,2012,0.811
ARG,Argentina,2012,0.844
ARM,Armenia,2012,0.751
AUS,Australia,2012,0.931
AUT,Austria,2012,0.909
AZE,Azerbaijan,2012,0.739
BHS,Bahamas,2012,0.803
BHR,Bahrain,2012,0.827
BGD,Bangladesh,2012,0.575
BRB,Barbados,2012,0.793
BLR,Belarus,2012,0.805
BEL,Belgium,2012,0.915
BLZ,Belize,2012,0.722
BEN,Benin,2012,0.494
BTN,Bhutan,2012,0.597
BOL,Bolivia (Plurinational State of),2012,0.673
BIH,Bosnia and Herzegovina,2012,0.735
BWA,Botswana,2012,0.664
BRA,Brazil,2012,0.732
BRN,Brunei Darussalam,2012,0.836
BGR,Bulgaria,2012,0.798
BFA,Burkina Faso,2012,0.393
BDI,Burundi,2012,0.412
CPV,Cabo Verde,2012,0.657
KHM,Cambodia,2012,0.551
CMR,Cameroon,2012,0.535
CAN,Canada,2012,0.921
CAF,Central African Republic,2012,0.372
TCD,Chad,2012,0.381
CHL,Chile,2012,0.824
CHN,China,2012,0.715
COL,Colombia,2012,0.739
COM,Comoros,2012,0.538
COG,Congo,2012,0.595
COD,Congo (Democratic Republic of the),2012,0.434
CRI,Costa Rica,2012,0.782
CIV,Côte d'Ivoire,2012,0.474
HRV,Croatia,2012,0.832
CUB,Cuba,2012,0.771
CYP,Cyprus,2012,0.862
CZE,Czechia,2012,0.878
DNK,Denmark,2012,0.931
DJI,Djibouti,2012,0.444
DMA,Dominica,2012,0.728
DOM,Dominican Republic,2012,0.718
ECU,Ecuador,2012,0.75
EGY,Egypt,2012,0.679
SLV,El Salvador,2012,0.661
GNQ,Equatorial Guinea,2012,0.628
ERI,Eritrea,2012,0.476
EST,Estonia,2012,0.876
SWZ,Eswatini (Kingdom of),2012,0.53
ETH,Ethiopia,2012,0.426
FJI,Fiji,2012,0.707
FIN,Finland,2012,0.916
FRA,France,2012,0.885
GAB,Gabon,2012,0.671
GMB,Gambia,2012,0.457
GEO,Georgia,2012,0.779
DEU,Germany,2012,0.937
GHA,Ghana,2012,0.583
GRC,Greece,2012,0.87
GRD,Grenada,2012,0.78
GTM,Guatemala,2012,0.62
GIN,Guinea,2012,0.425
GNB,Guinea-Bissau,2012,0.454
GUY,Guyana,2012,0.669
HTI,Haiti,2012,0.534
HND,Honduras,2012,0.596
HKG,"Hong Kong, China (SAR)",2012,0.925
HUN,Hungary,2012,0.833
ISL,Iceland,2012,0.938
IND,India,2012,0.594
IDN,Indonesia,2012,0.682
IRN,Iran (Islamic Republic of),2012,0.78
IRQ,Iraq,2012,0.644
IRL,Ireland,2012,0.907
ISR,Israel,2012,0.891
ITA,Italy,2012,0.881
JAM,Jamaica,2012,0.716
JPN,Japan,2012,0.906
JOR,Jordan,2012,0.736
KAZ,Kazakhstan,2012,0.781
KEN,Kenya,2012,0.557
KIR,Kiribati,2012,0.593
KOR,Korea (Republic of),2012,0.897
KWT,Kuwait,2012,0.821
KGZ,Kyrgyzstan,2012,0.673
LAO,Lao People's Democratic Republic,2012,0.578
LVA,Latvia,2012,0.837
LBN,Lebanon,2012,0.757
LSO,Lesotho,2012,0.489
LBR,Liberia,2012,0.469
LBY,Libya,2012,0.777
LIE,Liechtenstein,2012,0.921
LTU,Lithuania,2012,0.855
LUX,Luxembourg,2012,0.917
MDG,Madagascar,2012,0.492
MWI,Malawi,2012,0.476
MYS,Malaysia,2012,0.777
MDV,Maldives,2012,0.708
MLI,Mali,2012,0.407
MLT,Malta,2012,0.865
MHL,Marshall Islands,2012,0.659
MRT,Mauritania,2012,0.522
MUS,Mauritius,2012,0.774
MEX,Mexico,2012,0.76
FSM,Micronesia (Federated States of),2012,0.644
MDA,Moldova (Republic of),2012,0.722
MNG,Mongolia,2012,0.72
MNE,Montenegro,2012,0.813
MAR,Morocco,2012,0.626
MOZ,Mozambique,2012,0.418
MMR,Myanmar,2012,0.526
NAM,Namibia,2012,0.599
NRU,Nauru,2012,0.586
NPL,Nepal,2012,0.557
NLD,Netherlands,2012,0.927
NZL,New Zealand,2012,0.927
NIC,Nicaragua,2012,0.625
NER,Niger,2012,0.352
NGA,Nigeria,2012,0.499
MKD,North Macedonia,2012,0.755
NOR,Norway,2012,0.941
OMN,Oman,2012,0.813
PAK,Pakistan,2012,0.504
PLW,Palau,2012,0.78
PSE,"Palestine, State of",2012,0.702
PAN,Panama,2012,0.788
PNG,Papua New Guinea,2012,0.51
PRY,Paraguay,2012,0.716
PER,Peru,2012,0.741
PHL,Philippines,2012,0.684
POL,Poland,2012,0.855
PRT,Portugal,2012,0.837
QAT,Qatar,2012,0.84
ROU,Romania,2012,0.807
RUS,Russian Federation,2012,0.811
RWA,Rwanda,2012,0.501
KNA,Saint Kitts and Nevis,2012,0.809
LCA,Saint Lucia,2012,0.731
VCT,Saint Vincent and the Grenadines,2012,0.762
WSM,Samoa,2012,0.703
SMR,San Marino,2012,0.886
STP,Sao Tome and Principe,2012,0.562
SAU,Saudi Arabia,2012,0.824
SEN,Senegal,2012,0.491
SRB,Serbia,2012,0.78
SYC,Seychelles,2012,0.784
SLE,Sierra Leone,2012,0.427
SGP,Singapore,2012,0.926
SVK,Slovakia,2012,0.846
SVN,Slovenia,2012,0.892
SLB,Solomon Islands,2012,0.558
SOM,Somalia,2012,0.38
ZAF,South Africa,2012,0.696
SSD,South Sudan,2012,0.377
ESP,Spain,2012,0.875
LKA,Sri Lanka,2012,0.747
SDN,Sudan,2012,0.498
SUR,Suriname,2012,0.698
SWE,Sweden,2012,0.912
CHE,Switzerland,2012,0.943
SYR,Syrian Arab Republic,2012,0.638
TJK,Tajikistan,2012,0.641
TZA,Tanzania (United Republic of),2012,0.501
THA,Thailand,2012,0.752
TLS,Timor-Leste,2012,0.644
TGO,Togo,2012,0.487
TON,Tonga,2012,0.718
TTO,Trinidad and Tobago,2012,0.794
TUN,Tunisia,2012,0.716
TUR,Türkiye,2012,0.772
TKM,Turkmenistan,2012,0.714
TUV,Tuvalu,2012,0.631
UGA,Uganda,2012,0.504
UKR,Ukraine,2012,0.774
ARE,United Arab Emirates,2012,0.841
GBR,United Kingdom,2012,0.91
USA,United States,2012,0.92
URY,Uruguay,2012,0.794
UZB,Uzbekistan,2012,0.688
VUT,Vanuatu,2012,0.581
VEN,Venezuela (Bolivarian Republic of),2012,0.769
VNM,Viet Nam,2012,0.684
YEM,Yemen,2012,0.497
ZMB,Zambia,2012,0.548
ZWE,Zimbabwe,2012,0.522
AFG,Afghanistan,2013,0.475
ALB,Albania,2013,0.793
DZA,Algeria,2013,0.729
AND,Andorra,2013,0.851
AGO,Angola,2013,0.555
ATG,Antigua and Barbuda,2013,0.812
ARG,Argentina,2013,0.846
ARM,Armenia,2013,0.757
AUS,Australia,2013,0.929
AUT,Austria,2013,0.907
AZE,Azerbaijan,2013,0.745
BHS,Bahamas,2013,0.804
BHR,Bahrain,2013,0.839
BGD,Bangladesh,2013,0.577
BRB,Barbados,2013,0.793
BLR,Belarus,2013,0.806
BEL,Belgium,2013,0.917
BLZ,Belize,2013,0.721
BEN,Benin,2013,0.503
BTN,Bhutan,2013,0.604
BOL,Bolivia (Plurinational State of),2013,0.681
BIH,Bosnia and Herzegovina,2013,0.745
BWA,Botswana,2013,0.676
BRA,Brazil,2013,0.75
BRN,Brunei Darussalam,2013,0.835
BGR,Bulgaria,2013,0.804
BFA,Burkina Faso,2013,0.399
BDI,Burundi,2013,0.416
CPV,Cabo Verde,2013,0.664
KHM,Cambodia,2013,0.554
CMR,Cameroon,2013,0.544
CAN,Canada,2013,0.923
CAF,Central African Republic,2013,0.352
TCD,Chad,2013,0.385
CHL,Chile,2013,0.837
CHN,China,2013,0.723
COL,Colombia,2013,0.75
COM,Comoros,2013,0.546
COG,Congo,2013,0.6
COD,Congo (Democratic Republic of the),2013,0.44
CRI,Costa Rica,2013,0.787
CIV,Côte d'Ivoire,2013,0.48
HRV,Croatia,2013,0.839
CUB,Cuba,2013,0.766
CYP,Cyprus,2013,0.863
CZE,Czechia,2013,0.884
DNK,Denmark,2013,0.933
DJI,Djibouti,2013,0.453
DMA,Dominica,2013,0.72
DOM,Dominican Republic,2013,0.722
ECU,Ecuador,2013,0.755
EGY,Egypt,2013,0.684
SLV,El Salvador,2013,0.664
GNQ,Equatorial Guinea,2013,0.633
ERI,Eritrea,2013,0.472
EST,Estonia,2013,0.881
SWZ,Eswatini (Kingdom of),2013,0.546
ETH,Ethiopia,2013,0.437
FJI,Fiji,2013,0.712
FIN,Finland,2013,0.926
FRA,France,2013,0.888
GAB,Gabon,2013,0.678
GMB,Gambia,2013,0.461
GEO,Georgia,2013,0.784
DEU,Germany,2013,0.938
GHA,Ghana,2013,0.587
GRC,Greece,2013,0.874
GRD,Grenada,2013,0.783
GTM,Guatemala,2013,0.623
GIN,Guinea,2013,0.43
GNB,Guinea-Bissau,2013,0.458
GUY,Guyana,2013,0.674
HTI,Haiti,2013,0.54
HND,Honduras,2013,0.602
HKG,"Hong Kong, China (SAR)",2013,0.928
HUN,Hungary,2013,0.843
ISL,Iceland,2013,0.942
IND,India,2013,0.6
IDN,Indonesia,2013,0.687
IRN,Iran (Islamic Republic of),2013,0.78
IRQ,Iraq,2013,0.648
IRL,Ireland,2013,0.911
ISR,Israel,2013,0.896
ITA,Italy,2013,0.88
JAM,Jamaica,2013,0.715
JPN,Japan,2013,0.909
JOR,Jordan,2013,0.738
KAZ,Kazakhstan,2013,0.789
KEN,Kenya,2013,0.562
KIR,Kiribati,2013,0.602
KOR,Korea (Republic of),2013,0.902
KWT,Kuwait,2013,0.813
KGZ,Kyrgyzstan,2013,0.68
LAO,Lao People's Democratic Republic,2013,0.587
LVA,Latvia,2013,0.846
LBN,Lebanon,2013,0.756
LSO,Lesotho,2013,0.494
LBR,Liberia,2013,0.474
LBY,Libya,2013,0.766
LIE,Liechtenstein,2013,0.921
LTU,Lithuania,2013,0.858
LUX,Luxembourg,2013,0.922
MDG,Madagascar,2013,0.494
MWI,Malawi,2013,0.484
MYS,Malaysia,2013,0.782
MDV,Maldives,2013,0.715
MLI,Mali,2013,0.404
MLT,Malta,2013,0.874
MHL,Marshall Islands,2013,0.669
MRT,Mauritania,2013,0.53
MUS,Mauritius,2013,0.779
MEX,Mexico,2013,0.761
FSM,Micronesia (Federated States of),2013,0.642
MDA,Moldova (Republic of),2013,0.726
MNG,Mongolia,2013,0.73
MNE,Montenegro,2013,0.819
MAR,Morocco,2013,0.636
MOZ,Mozambique,2013,0.432
MMR,Myanmar,2013,0.538
NAM,Namibia,2013,0.61
NRU,Nauru,2013,0.597
NPL,Nepal,2013,0.563
NLD,Netherlands,2013,0.929
NZL,New Zealand,2013,0.93
NIC,Nicaragua,2013,0.631
NER,Niger,2013,0.358
NGA,Nigeria,2013,0.504
MKD,North Macedonia,2013,0.763
NOR,Norway,2013,0.945
OMN,Oman,2013,0.814
PAK,Pakistan,2013,0.51
PLW,Palau,2013,0.776
PSE,"Palestine, State of",2013,0.704
PAN,Panama,2013,0.794
PNG,Papua New Guinea,2013,0.516
PRY,Paraguay,2013,0.729
PER,Peru,2013,0.749
PHL,Philippines,2013,0.689
POL,Poland,2013,0.865
PRT,Portugal,2013,0.842
QAT,Qatar,2013,0.852
ROU,Romania,2013,0.811
RUS,Russian Federation,2013,0.816
RWA,Rwanda,2013,0.502
KNA,Saint Kitts and Nevis,2013,0.819
LCA,Saint Lucia,2013,0.723
VCT,Saint Vincent and the Grenadines,2013,0.766
WSM,Samoa,2013,0.704
SMR,San Marino,2013,0.882
STP,Sao Tome and Principe,2013,0.573
SAU,Saudi Arabia,2013,0.831
SEN,Senegal,2013,0.497
SRB,Serbia,2013,0.785
SYC,Seychelles,2013,0.786
SLE,Sierra Leone,2013,0.445
SGP,Singapore,2013,0.93
SVK,Slovakia,2013,0.849
SVN,Slovenia,2013,0.901
SLB,Solomon Islands,2013,0.563
SOM,Somalia,2013,0.38
ZAF,South Africa,2013,0.705
SSD,South Sudan,2013,0.378
ESP,Spain,2013,0.88
LKA,Sri Lanka,2013,0.752
SDN,Sudan,2013,0.503
SUR,Suriname,2013,0.7
SWE,Sweden,2013,0.932
CHE,Switzerland,2013,0.947
SYR,Syrian Arab Republic,2013,0.558
TJK,Tajikistan,2013,0.647
TZA,Tanzania (United Republic of),2013,0.504
THA,Thailand,2013,0.754
TLS,Timor-Leste,2013,0.64
TGO,Togo,2013,0.495
TON,Tonga,2013,0.719
TTO,Trinidad and Tobago,2013,0.801
TUN,Tunisia,2013,0.719
TUR,Türkiye,2013,0.802
TKM,Turkmenistan,2013,0.716
TUV,Tuvalu,2013,0.637
UGA,Uganda,2013,0.511
UKR,Ukraine,2013,0.774
ARE,United Arab Emirates,2013,0.847
GBR,United Kingdom,2013,0.923
USA,United States,2013,0.922
URY,Uruguay,2013,0.802
UZB,Uzbekistan,2013,0.693
VUT,Vanuatu,2013,0.586
VEN,Venezuela (Bolivarian Republic of),2013,0.771
VNM,Viet Nam,2013,0.689
YEM,Yemen,2013,0.496
ZMB,Zambia,2013,0.554
ZWE,Zimbabwe,2013,0.532
AFG,Afghanistan,2014,0.48
ALB,Albania,2014,0.797
DZA,Algeria,2014,0.732
AND,Andorra,2014,0.854
AGO,Angola,2014,0.565
ATG,Antigua and Barbuda,2014,0.815
ARG,Argentina,2014,0.847
ARM,Armenia,2014,0.764
AUS,Australia,2014,0.931
AUT,Austria,2014,0.911
AZE,Azerbaijan,2014,0.749
BHS,Bahamas,2014,0.807
BHR,Bahrain,2014,0.839
BGD,Bangladesh,2014,0.585
BRB,Barbados,2014,0.795
BLR,Belarus,2014,0.81
BEL,Belgium,2014,0.922
BLZ,Belize,2014,0.716
BEN,Benin,2014,0.506
BTN,Bhutan,2014,0.615
BOL,Bolivia (Plurinational State of),2014,0.683
BIH,Bosnia and Herzegovina,2014,0.751
BWA,Botswana,2014,0.683
BRA,Brazil,2014,0.753
BRN,Brunei Darussalam,2014,0.834
BGR,Bulgaria,2014,0.807
BFA,Burkina Faso,2014,0.403
BDI,Burundi,2014,0.419
CPV,Cabo Verde,2014,0.663
KHM,Cambodia,2014,0.559
CMR,Cameroon,2014,0.553
CAN,Canada,2014,0.925
CAF,Central African Republic,2014,0.354
TCD,Chad,2014,0.392
CHL,Chile,2014,0.841
CHN,China,2014,0.732
COL,Colombia,2014,0.755
COM,Comoros,2014,0.551
COG,Congo,2014,0.609
COD,Congo (Democratic Republic of the),2014,0.45
CRI,Costa Rica,2014,0.79
CIV,Côte d'Ivoire,2014,0.499
HRV,Croatia,2014,0.842
CUB,Cuba,2014,0.766
CYP,Cyprus,2014,0.867
CZE,Czechia,2014,0.889
DNK,Denmark,2014,0.932
DJI,Djibouti,2014,0.463
DMA,Dominica,2014,0.725
DOM,Dominican Republic,2014,0.728
ECU,Ecuador,2014,0.759
EGY,Egypt,2014,0.688
SLV,El Salvador,2014,0.663
GNQ,Equatorial Guinea,2014,0.639
ERI,Eritrea,2014,0.49
EST,Estonia,2014,0.879
SWZ,Eswatini (Kingdom of),2014,0.56
ETH,Ethiopia,2014,0.445
FJI,Fiji,2014,0.715
FIN,Finland,2014,0.928
FRA,France,2014,0.892
GAB,Gabon,2014,0.687
GMB,Gambia,2014,0.462
GEO,Georgia,2014,0.793
DEU,Germany,2014,0.942
GHA,Ghana,2014,0.582
GRC,Greece,2014,0.879
GRD,Grenada,2014,0.783
GTM,Guatemala,2014,0.64
GIN,Guinea,2014,0.436
GNB,Guinea-Bissau,2014,0.465
GUY,Guyana,2014,0.682
HTI,Haiti,2014,0.545
HND,Honduras,2014,0.603
HKG,"Hong Kong, China (SAR)",2014,0.932
HUN,Hungary,2014,0.84
ISL,Iceland,2014,0.946
IND,India,2014,0.611
IDN,Indonesia,2014,0.69
IRN,Iran (Islamic Republic of),2014,0.783
IRQ,Iraq,2014,0.651
IRL,Ireland,2014,0.918
ISR,Israel,2014,0.899
ITA,Italy,2014,0.882
JAM,Jamaica,2014,0.714
JPN,Japan,2014,0.91
JOR,Jordan,2014,0.737
KAZ,Kazakhstan,2014,0.794
KEN,Kenya,2014,0.569
KIR,Kiribati,2014,0.612
KOR,Korea (Republic of),2014,0.906
KWT,Kuwait,2014,0.816
KGZ,Kyrgyzstan,2014,0.686
LAO,Lao People's Democratic Republic,2014,0.597
LVA,Latvia,2014,0.85
LBN,Lebanon,2014,0.755
LSO,Lesotho,2014,0.5
LBR,Liberia,2014,0.472
LBY,Libya,2014,0.75
LIE,Liechtenstein,2014,0.923
LTU,Lithuania,2014,0.864
LUX,Luxembourg,2014,0.927
MDG,Madagascar,2014,0.497
MWI,Malawi,2014,0.493
MYS,Malaysia,2014,0.787
MDV,Maldives,2014,0.723
MLI,Mali,2014,0.41
MLT,Malta,2014,0.881
MHL,Marshall Islands,2014,0.676
MRT,Mauritania,2014,0.532
MUS,Mauritius,2014,0.788
MEX,Mexico,2014,0.765
FSM,Micronesia (Federated States of),2014,0.64
MDA,Moldova (Republic of),2014,0.749
MNG,Mongolia,2014,0.735
MNE,Montenegro,2014,0.822
MAR,Morocco,2014,0.645
MOZ,Mozambique,2014,0.438
MMR,Myanmar,2014,0.548
NAM,Namibia,2014,0.619
NRU,Nauru,2014,0.618
NPL,Nepal,2014,0.567
NLD,Netherlands,2014,0.931
NZL,New Zealand,2014,0.931
NIC,Nicaragua,2014,0.638
NER,Niger,2014,0.363
NGA,Nigeria,2014,0.513
MKD,North Macedonia,2014,0.769
NOR,Norway,2014,0.949
OMN,Oman,2014,0.818
PAK,Pakistan,2014,0.519
PLW,Palau,2014,0.777
PSE,"Palestine, State of",2014,0.698
PAN,Panama,2014,0.797
PNG,Papua New Guinea,2014,0.531
PRY,Paraguay,2014,0.731
PER,Peru,2014,0.754
PHL,Philippines,2014,0.693
POL,Poland,2014,0.867
PRT,Portugal,2014,0.847
QAT,Qatar,2014,0.85
ROU,Romania,2014,0.811
RUS,Russian Federation,2014,0.818
RWA,Rwanda,2014,0.507
KNA,Saint Kitts and Nevis,2014,0.827
LCA,Saint Lucia,2014,0.727
VCT,Saint Vincent and the Grenadines,2014,0.772
WSM,Samoa,2014,0.707
SMR,San Marino,2014,0.879
STP,Sao Tome and Principe,2014,0.584
SAU,Saudi Arabia,2014,0.836
SEN,Senegal,2014,0.501
SRB,Serbia,2014,0.787
SYC,Seychelles,2014,0.796
SLE,Sierra Leone,2014,0.447
SGP,Singapore,2014,0.932
SVK,Slovakia,2014,0.851
SVN,Slovenia,2014,0.903
SLB,Solomon Islands,2014,0.562
SOM,Somalia,2014,0.38
ZAF,South Africa,2014,0.714
SSD,South Sudan,2014,0.376
ESP,Spain,2014,0.884
LKA,Sri Lanka,2014,0.757
SDN,Sudan,2014,0.511
SUR,Suriname,2014,0.701
SWE,Sweden,2014,0.935
CHE,Switzerland,2014,0.951
SYR,Syrian Arab Republic,2014,0.544
TJK,Tajikistan,2014,0.649
TZA,Tanzania (United Republic of),2014,0.506
THA,Thailand,2014,0.785
TLS,Timor-Leste,2014,0.63
TGO,Togo,2014,0.502
TON,Tonga,2014,0.721
TTO,Trinidad and Tobago,2014,0.806
TUN,Tunisia,2014,0.721
TUR,Türkiye,2014,0.812
TKM,Turkmenistan,2014,0.719
TUV,Tuvalu,2014,0.637
UGA,Uganda,2014,0.518
UKR,Ukraine,2014,0.774
ARE,United Arab Emirates,2014,0.853
GBR,United Kingdom,2014,0.924
USA,United States,2014,0.923
URY,Uruguay,2014,0.805
UZB,Uzbekistan,2014,0.698
VUT,Vanuatu,2014,0.59
VEN,Venezuela (Bolivarian Republic of),2014,0.768
VNM,Viet Nam,2014,0.693
YEM,Yemen,2014,0.485
ZMB,Zambia,2014,0.557
ZWE,Zimbabwe,2014,0.539
AFG,Afghanistan,2015,0.479
ALB,Albania,2015,0.797
DZA,Algeria,2015,0.736
AND,Andorra,2015,0.856
AGO,Angola,2015,0.591
ATG,Antigua and Barbuda,2015,0.818
ARG,Argentina,2015,0.85
ARM,Armenia,2015,0.769
AUS,Australia,2015,0.933
AUT,Austria,2015,0.91
AZE,Azerbaijan,2015,0.751
BHS,Bahamas,2015,0.807
BHR,Bahrain,2015,0.859
BGD,Bangladesh,2015,0.604
BRB,Barbados,2015,0.798
BLR,Belarus,2015,0.809
BEL,Belgium,2015,0.924
BLZ,Belize,2015,0.714
BEN,Benin,2015,0.509
BTN,Bhutan,2015,0.625
BOL,Bolivia (Plurinational State of),2015,0.688
BIH,Bosnia and Herzegovina,2015,0.757
BWA,Botswana,2015,0.688
BRA,Brazil,2015,0.752
BRN,Brunei Darussalam,2015,0.832
BGR,Bulgaria,2015,0.809
BFA,Burkina Faso,2015,0.413
BDI,Burundi,2015,0.42
CPV,Cabo Verde,2015,0.658
KHM,Cambodia,2015,0.564
CMR,Cameroon,2015,0.562
CAN,Canada,2015,0.927
CAF,Central African Republic,2015,0.367
TCD,Chad,2015,0.388
CHL,Chile,2015,0.846
CHN,China,2015,0.741
COL,Colombia,2015,0.758
COM,Comoros,2015,0.556
COG,Congo,2015,0.61
COD,Congo (Democratic Republic of the),2015,0.457
CRI,Costa Rica,2015,0.792
CIV,Côte d'Ivoire,2015,0.501
HRV,Croatia,2015,0.844
CUB,Cuba,2015,0.765
CYP,Cyprus,2015,0.874
CZE,Czechia,2015,0.891
DNK,Denmark,2015,0.936
DJI,Djibouti,2015,0.473
DMA,Dominica,2015,0.719
DOM,Dominican Republic,2015,0.739
ECU,Ecuador,2015,0.764
EGY,Egypt,2015,0.695
SLV,El Salvador,2015,0.663
GNQ,Equatorial Guinea,2015,0.648
ERI,Eritrea,2015,0.473
EST,Estonia,2015,0.883
SWZ,Eswatini (Kingdom of),2015,0.577
ETH,Ethiopia,2015,0.455
FJI,Fiji,2015,0.716
FIN,Finland,2015,0.93
FRA,France,2015,0.893
GAB,Gabon,2015,0.692
GMB,Gambia,2015,0.467
GEO,Georgia,2015,0.798
DEU,Germany,2015,0.941
GHA,Ghana,2015,0.586
GRC,Greece,2015,0.881
GRD,Grenada,2015,0.786
GTM,Guatemala,2015,0.629
GIN,Guinea,2015,0.449
GNB,Guinea-Bissau,2015,0.47
GUY,Guyana,2015,0.686
HTI,Haiti,2015,0.549
HND,Honduras,2015,0.61
HKG,"Hong Kong, China (SAR)",2015,0.936
HUN,Hungary,2015,0.839
ISL,Iceland,2015,0.948
IND,India,2015,0.619
IDN,Indonesia,2015,0.698
IRN,Iran (Islamic Republic of),2015,0.782
IRQ,Iraq,2015,0.656
IRL,Ireland,2015,0.924
ISR,Israel,2015,0.899
ITA,Italy,2015,0.881
JAM,Jamaica,2015,0.712
JPN,Japan,2015,0.913
JOR,Jordan,2015,0.738
KAZ,Kazakhstan,2015,0.799
KEN,Kenya,2015,0.575
KIR,Kiribati,2015,0.625
KOR,Korea (Republic of),2015,0.908
KWT,Kuwait,2015,0.829
KGZ,Kyrgyzstan,2015,0.689
LAO,Lao People's Democratic Republic,2015,0.604
LVA,Latvia,2015,0.853
LBN,Lebanon,2015,0.756
LSO,Lesotho,2015,0.508
LBR,Liberia,2015,0.472
LBY,Libya,2015,0.749
LIE,Liechtenstein,2015,0.926
LTU,Lithuania,2015,0.865
LUX,Luxembourg,2015,0.914
MDG,Madagascar,2015,0.499
MWI,Malawi,2015,0.498
MYS,Malaysia,2015,0.792
MDV,Maldives,2015,0.728
MLI,Mali,2015,0.409
MLT,Malta,2015,0.887
MHL,Marshall Islands,2015,0.688
MRT,Mauritania,2015,0.536
MUS,Mauritius,2015,0.791
MEX,Mexico,2015,0.769
FSM,Micronesia (Federated States of),2015,0.642
MDA,Moldova (Republic of),2015,0.749
MNG,Mongolia,2015,0.739
MNE,Montenegro,2015,0.827
MAR,Morocco,2015,0.656
MOZ,Mozambique,2015,0.445
MMR,Myanmar,2015,0.557
NAM,Namibia,2015,0.627
NRU,Nauru,2015,0.642
NPL,Nepal,2015,0.568
NLD,Netherlands,2015,0.932
NZL,New Zealand,2015,0.933
NIC,Nicaragua,2015,0.644
NER,Niger,2015,0.367
NGA,Nigeria,2015,0.52
MKD,North Macedonia,2015,0.777
NOR,Norway,2015,0.952
OMN,Oman,2015,0.824
PAK,Pakistan,2015,0.525
PLW,Palau,2015,0.782
PSE,"Palestine, State of",2015,0.71
PAN,Panama,2015,0.802
PNG,Papua New Guinea,2015,0.54
PRY,Paraguay,2015,0.738
PER,Peru,2015,0.758
PHL,Philippines,2015,0.696
POL,Poland,2015,0.869
PRT,Portugal,2015,0.85
QAT,Qatar,2015,0.852
ROU,Romania,2015,0.813
RUS,Russian Federation,2015,0.823
RWA,Rwanda,2015,0.509
KNA,Saint Kitts and Nevis,2015,0.829
LCA,Saint Lucia,2015,0.736
VCT,Saint Vincent and the Grenadines,2015,0.777
WSM,Samoa,2015,0.71
SMR,San Marino,2015,0.872
STP,Sao Tome and Principe,2015,0.595
SAU,Saudi Arabia,2015,0.842
SEN,Senegal,2015,0.501
SRB,Serbia,2015,0.794
SYC,Seychelles,2015,0.797
SLE,Sierra Leone,2015,0.438
SGP,Singapore,2015,0.935
SVK,Slovakia,2015,0.852
SVN,Slovenia,2015,0.903
SLB,Solomon Islands,2015,0.562
SOM,Somalia,2015,0.38
ZAF,South Africa,2015,0.721
SSD,South Sudan,2015,0.381
ESP,Spain,2015,0.889
LKA,Sri Lanka,2015,0.76
SDN,Sudan,2015,0.514
SUR,Suriname,2015,0.707
SWE,Sweden,2015,0.937
CHE,Switzerland,2015,0.952
SYR,Syrian Arab Republic,2015,0.552
TJK,Tajikistan,2015,0.651
TZA,Tanzania (United Republic of),2015,0.507
THA,Thailand,2015,0.789
TLS,Timor-Leste,2015,0.621
TGO,Togo,2015,0.51
TON,Tonga,2015,0.723
TTO,Trinidad and Tobago,2015,0.812
TUN,Tunisia,2015,0.724
TUR,Türkiye,2015,0.821
TKM,Turkmenistan,2015,0.725
TUV,Tuvalu,2015,0.656
UGA,Uganda,2015,0.525
UKR,Ukraine,2015,0.764
ARE,United Arab Emirates,2015,0.86
GBR,United Kingdom,2015,0.923
USA,United States,2015,0.924
URY,Uruguay,2015,0.807
UZB,Uzbekistan,2015,0.701
VUT,Vanuatu,2015,0.592
VEN,Venezuela (Bolivarian Republic of),2015,0.766
VNM,Viet Nam,2015,0.697
YEM,Yemen,2015,0.455
ZMB,Zambia,2015,0.563
ZWE,Zimbabwe,2015,0.544
AFG,Afghanistan,2016,0.483
ALB,Albania,2016,0.795
DZA,Algeria,2016,0.738
AND,Andorra,2016,0.859
AGO,Angola,2016,0.595
ATG,Antigua and Barbuda,2016,0.822
ARG,Argentina,2016,0.848
ARM,Armenia,2016,0.773
AUS,Australia,2016,0.936
AUT,Austria,2016,0.913
AZE,Azerbaijan,2016,0.752
BHS,Bahamas,2016,0.809
BHR,Bahrain,2016,0.862
BGD,Bangladesh,2016,0.613
BRB,Barbados,2016,0.801
BLR,Belarus,2016,0.809
BEL,Belgium,2016,0.927
BLZ,Belize,2016,0.72
BEN,Benin,2016,0.508
BTN,Bhutan,2016,0.635
BOL,Bolivia (Plurinational State of),2016,0.7
BIH,Bosnia and Herzegovina,2016,0.767
BWA,Botswana,2016,0.697
BRA,Brazil,2016,0.753
BRN,Brunei Darussalam,2016,0.83
BGR,Bulgaria,2016,0.81
BFA,Burkina Faso,2016,0.422
BDI,Burundi,2016,0.423
CPV,Cabo Verde,2016,0.664
KHM,Cambodia,2016,0.573
CMR,Cameroon,2016,0.566
CAN,Canada,2016,0.928
CAF,Central African Republic,2016,0.373
TCD,Chad,2016,0.388
CHL,Chile,2016,0.851
CHN,China,2016,0.749
COL,Colombia,2016,0.763
COM,Comoros,2016,0.563
COG,Congo,2016,0.606
COD,Congo (Democratic Republic of the),2016,0.466
CRI,Costa Rica,2016,0.796
CIV,Côte d'Ivoire,2016,0.506
HRV,Croatia,2016,0.85
CUB,Cuba,2016,0.763
CYP,Cyprus,2016,0.881
CZE,Czechia,2016,0.894
DNK,Denmark,2016,0.943
DJI,Djibouti,2016,0.482
DMA,Dominica,2016,0.728
DOM,Dominican Republic,2016,0.759
ECU,Ecuador,2016,0.761
EGY,Egypt,2016,0.702
SLV,El Salvador,2016,0.664
GNQ,Equatorial Guinea,2016,0.65
ERI,Eritrea,2016,0.477
EST,Estonia,2016,0.884
SWZ,Eswatini (Kingdom of),2016,0.59
ETH,Ethiopia,2016,0.465
FJI,Fiji,2016,0.721
FIN,Finland,2016,0.931
FRA,France,2016,0.896
GAB,Gabon,2016,0.696
GMB,Gambia,2016,0.472
GEO,Georgia,2016,0.802
DEU,Germany,2016,0.941
GHA,Ghana,2016,0.586
GRC,Greece,2016,0.877
GRD,Grenada,2016,0.787
GTM,Guatemala,2016,0.633
GIN,Guinea,2016,0.466
GNB,Guinea-Bissau,2016,0.476
GUY,Guyana,2016,0.693
HTI,Haiti,2016,0.552
HND,Honduras,2016,0.615
HKG,"Hong Kong, China (SAR)",2016,0.939
HUN,Hungary,2016,0.843
ISL,Iceland,2016,0.951
IND,India,2016,0.63
IDN,Indonesia,2016,0.701
IRN,Iran (Islamic Republic of),2016,0.785
IRQ,Iraq,2016,0.661
IRL,Ireland,2016,0.929
ISR,Israel,2016,0.902
ITA,Italy,2016,0.886
JAM,Jamaica,2016,0.71
JPN,Japan,2016,0.914
JOR,Jordan,2016,0.74
KAZ,Kazakhstan,2016,0.797
KEN,Kenya,2016,0.586
KIR,Kiribati,2016,0.619
KOR,Korea (Republic of),2016,0.912
KWT,Kuwait,2016,0.832
KGZ,Kyrgyzstan,2016,0.692
LAO,Lao People's Democratic Republic,2016,0.61
LVA,Latvia,2016,0.858
LBN,Lebanon,2016,0.76
LSO,Lesotho,2016,0.518
LBR,Liberia,2016,0.478
LBY,Libya,2016,0.746
LIE,Liechtenstein,2016,0.925
LTU,Lithuania,2016,0.87
LUX,Luxembourg,2016,0.922
MDG,Madagascar,2016,0.501
MWI,Malawi,2016,0.501
MYS,Malaysia,2016,0.798
MDV,Maldives,2016,0.734
MLI,Mali,2016,0.407
MLT,Malta,2016,0.887
MHL,Marshall Islands,2016,0.695
MRT,Mauritania,2016,0.532
MUS,Mauritius,2016,0.794
MEX,Mexico,2016,0.773
FSM,Micronesia (Federated States of),2016,0.643
MDA,Moldova (Republic of),2016,0.755
MNG,Mongolia,2016,0.741
MNE,Montenegro,2016,0.826
MAR,Morocco,2016,0.662
MOZ,Mozambique,2016,0.448
MMR,Myanmar,2016,0.567
NAM,Namibia,2016,0.631
NRU,Nauru,2016,0.655
NPL,Nepal,2016,0.574
NLD,Netherlands,2016,0.933
NZL,New Zealand,2016,0.935
NIC,Nicaragua,2016,0.65
NER,Niger,2016,0.372
NGA,Nigeria,2016,0.526
MKD,North Macedonia,2016,0.782
NOR,Norway,2016,0.956
OMN,Oman,2016,0.832
PAK,Pakistan,2016,0.533
PLW,Palau,2016,0.784
PSE,"Palestine, State of",2016,0.715
PAN,Panama,2016,0.809
PNG,Papua New Guinea,2016,0.547
PRY,Paraguay,2016,0.736
PER,Peru,2016,0.764
PHL,Philippines,2016,0.696
POL,Poland,2016,0.872
PRT,Portugal,2016,0.851
QAT,Qatar,2016,0.853
ROU,Romania,2016,0.815
RUS,Russian Federation,2016,0.826
RWA,Rwanda,2016,0.518
KNA,Saint Kitts and Nevis,2016,0.836
LCA,Saint Lucia,2016,0.744
VCT,Saint Vincent and the Grenadines,2016,0.783
WSM,Samoa,2016,0.714
SMR,San Marino,2016,0.868
STP,Sao Tome and Principe,2016,0.599
SAU,Saudi Arabia,2016,0.846
SEN,Senegal,2016,0.51
SRB,Serbia,2016,0.8
SYC,Seychelles,2016,0.798
SLE,Sierra Leone,2016,0.446
SGP,Singapore,2016,0.937
SVK,Slovakia,2016,0.855
SVN,Slovenia,2016,0.909
SLB,Solomon Islands,2016,0.564
SOM,Somalia,2016,0.38
ZAF,South Africa,2016,0.711
SSD,South Sudan,2016,0.376
ESP,Spain,2016,0.894
LKA,Sri Lanka,2016,0.765
SDN,Sudan,2016,0.517
SUR,Suriname,2016,0.709
SWE,Sweden,2016,0.939
CHE,Switzerland,2016,0.954
SYR,Syrian Arab Republic,2016,0.551
TJK,Tajikistan,2016,0.655
TZA,Tanzania (United Republic of),2016,0.509
THA,Thailand,2016,0.793
TLS,Timor-Leste,2016,0.61
TGO,Togo,2016,0.515
TON,Tonga,2016,0.728
TTO,Trinidad and Tobago,2016,0.81
TUN,Tunisia,2016,0.728
TUR,Türkiye,2016,0.826
TKM,Turkmenistan,2016,0.729
TUV,Tuvalu,2016,0.651
UGA,Uganda,2016,0.531
UKR,Ukraine,2016,0.767
ARE,United Arab Emirates,2016,0.866
GBR,United Kingdom,2016,0.926
USA,United States,2016,0.926
URY,Uruguay,2016,0.811
UZB,Uzbekistan,2016,0.709
VUT,Vanuatu,2016,0.596
VEN,Venezuela (Bolivarian Republic of),2016,0.759
VNM,Viet Nam,2016,0.702
YEM,Yemen,2016,0.443
ZMB,Zambia,2016,0.564
ZWE,Zimbabwe,2016,0.547
AFG,Afghanistan,2017,0.485
ALB,Albania,2017,0.796
DZA,Algeria,2017,0.738
AND,Andorra,2017,0.86
AGO,Angola,2017,0.597
ATG,Antigua and Barbuda,2017,0.824
ARG,Argentina,2017,0.853
ARM,Armenia,2017,0.775
AUS,Australia,2017,0.937
AUT,Austria,2017,0.914
AZE,Azerbaijan,2017,0.754
BHS,Bahamas,2017,0.812
BHR,Bahrain,2017,0.867
BGD,Bangladesh,2017,0.622
BRB,Barbados,2017,0.803
BLR,Belarus,2017,0.811
BEL,Belgium,2017,0.931
BLZ,Belize,2017,0.716
BEN,Benin,2017,0.505
BTN,Bhutan,2017,0.644
BOL,Bolivia (Plurinational State of),2017,0.707
BIH,Bosnia and Herzegovina,2017,0.77
BWA,Botswana,2017,0.705
BRA,Brazil,2017,0.758
BRN,Brunei Darussalam,2017,0.829
BGR,Bulgaria,2017,0.81
BFA,Burkina Faso,2017,0.432
BDI,Burundi,2017,0.422
CPV,Cabo Verde,2017,0.668
KHM,Cambodia,2017,0.581
CMR,Cameroon,2017,0.574
CAN,Canada,2017,0.929
CAF,Central African Republic,2017,0.379
TCD,Chad,2017,0.389
CHL,Chile,2017,0.854
CHN,China,2017,0.757
COL,Colombia,2017,0.765
COM,Comoros,2017,0.571
COG,Congo,2017,0.6
COD,Congo (Democratic Republic of the),2017,0.469
CRI,Costa Rica,2017,0.8
CIV,Côte d'Ivoire,2017,0.515
HRV,Croatia,2017,0.855
CUB,Cuba,2017,0.764
CYP,Cyprus,2017,0.891
CZE,Czechia,2017,0.896
DNK,Denmark,2017,0.944
DJI,Djibouti,2017,0.491
DMA,Dominica,2017,0.709
DOM,Dominican Republic,2017,0.761
ECU,Ecuador,2017,0.762
EGY,Egypt,2017,0.709
SLV,El Salvador,2017,0.667
GNQ,Equatorial Guinea,2017,0.65
ERI,Eritrea,2017,0.472
EST,Estonia,2017,0.886
SWZ,Eswatini (Kingdom of),2017,0.601
ETH,Ethiopia,2017,0.472
FJI,Fiji,2017,0.728
FIN,Finland,2017,0.934
FRA,France,2017,0.899
GAB,Gabon,2017,0.699
GMB,Gambia,2017,0.477
GEO,Georgia,2017,0.807
DEU,Germany,2017,0.944
GHA,Ghana,2017,0.585
GRC,Greece,2017,0.88
GRD,Grenada,2017,0.786
GTM,Guatemala,2017,0.636
GIN,Guinea,2017,0.467
GNB,Guinea-Bissau,2017,0.479
GUY,Guyana,2017,0.699
HTI,Haiti,2017,0.557
HND,Honduras,2017,0.614
HKG,"Hong Kong, China (SAR)",2017,0.946
HUN,Hungary,2017,0.846
ISL,Iceland,2017,0.955
IND,India,2017,0.636
IDN,Indonesia,2017,0.708
IRN,Iran (Islamic Republic of),2017,0.788
IRQ,Iraq,2017,0.667
IRL,Ireland,2017,0.934
ISR,Israel,2017,0.906
ITA,Italy,2017,0.889
JAM,Jamaica,2017,0.711
JPN,Japan,2017,0.916
JOR,Jordan,2017,0.744
KAZ,Kazakhstan,2017,0.802
KEN,Kenya,2017,0.591
KIR,Kiribati,2017,0.626
KOR,Korea (Republic of),2017,0.915
KWT,Kuwait,2017,0.835
KGZ,Kyrgyzstan,2017,0.695
LAO,Lao People's Democratic Republic,2017,0.612
LVA,Latvia,2017,0.863
LBN,Lebanon,2017,0.765
LSO,Lesotho,2017,0.522
LBR,Liberia,2017,0.481
LBY,Libya,2017,0.761
LIE,Liechtenstein,2017,0.934
LTU,Lithuania,2017,0.878
LUX,Luxembourg,2017,0.918
MDG,Madagascar,2017,0.502
MWI,Malawi,2017,0.506
MYS,Malaysia,2017,0.8
MDV,Maldives,2017,0.74
MLI,Mali,2017,0.413
MLT,Malta,2017,0.896
MHL,Marshall Islands,2017,0.702
MRT,Mauritania,2017,0.536
MUS,Mauritius,2017,0.797
MEX,Mexico,2017,0.776
FSM,Micronesia (Federated States of),2017,0.643
MDA,Moldova (Republic of),2017,0.764
MNG,Mongolia,2017,0.742
MNE,Montenegro,2017,0.833
MAR,Morocco,2017,0.671
MOZ,Mozambique,2017,0.45
MMR,Myanmar,2017,0.58
NAM,Namibia,2017,0.634
NRU,Nauru,2017,0.664
NPL,Nepal,2017,0.581
NLD,Netherlands,2017,0.936
NZL,New Zealand,2017,0.935
NIC,Nicaragua,2017,0.656
NER,Niger,2017,0.377
NGA,Nigeria,2017,0.528
MKD,North Macedonia,2017,0.789
NOR,Norway,2017,0.959
OMN,Oman,2017,0.833
PAK,Pakistan,2017,0.534
PLW,Palau,2017,0.786
PSE,"Palestine, State of",2017,0.718
PAN,Panama,2017,0.814
PNG,Papua New Guinea,2017,0.553
PRY,Paraguay,2017,0.739
PER,Peru,2017,0.765
PHL,Philippines,2017,0.7
POL,Poland,2017,0.874
PRT,Portugal,2017,0.857
QAT,Qatar,2017,0.862
ROU,Romania,2017,0.823
RUS,Russian Federation,2017,0.827
RWA,Rwanda,2017,0.52
KNA,Saint Kitts and Nevis,2017,0.836
LCA,Saint Lucia,2017,0.742
VCT,Saint Vincent and the Grenadines,2017,0.789
WSM,Samoa,2017,0.714
SMR,San Marino,2017,0.867
STP,Sao Tome and Principe,2017,0.604
SAU,Saudi Arabia,2017,0.849
SEN,Senegal,2017,0.511
SRB,Serbia,2017,0.802
SYC,Seychelles,2017,0.798
SLE,Sierra Leone,2017,0.448
SGP,Singapore,2017,0.938
SVK,Slovakia,2017,0.857
SVN,Slovenia,2017,0.912
SLB,Solomon Islands,2017,0.566
SOM,Somalia,2017,0.38
ZAF,South Africa,2017,0.725
SSD,South Sudan,2017,0.378
ESP,Spain,2017,0.896
LKA,Sri Lanka,2017,0.77
SDN,Sudan,2017,0.52
SUR,Suriname,2017,0.71
SWE,Sweden,2017,0.941
CHE,Switzerland,2017,0.955
SYR,Syrian Arab Republic,2017,0.558
TJK,Tajikistan,2017,0.659
TZA,Tanzania (United Republic of),2017,0.517
THA,Thailand,2017,0.795
TLS,Timor-Leste,2017,0.614
TGO,Togo,2017,0.522
TON,Tonga,2017,0.734
TTO,Trinidad and Tobago,2017,0.811
TUN,Tunisia,2017,0.732
TUR,Türkiye,2017,0.833
TKM,Turkmenistan,2017,0.729
TUV,Tuvalu,2017,0.651
UGA,Uganda,2017,0.534
UKR,Ukraine,2017,0.771
ARE,United Arab Emirates,2017,0.898
GBR,United Kingdom,2017,0.929
USA,United States,2017,0.928
URY,Uruguay,2017,0.815
UZB,Uzbekistan,2017,0.714
VUT,Vanuatu,2017,0.599
VEN,Venezuela (Bolivarian Republic of),2017,0.75
VNM,Viet Nam,2017,0.706
YEM,Yemen,2017,0.432
ZMB,Zambia,2017,0.568
ZWE,Zimbabwe,2017,0.552
AFG,Afghanistan,2018,0.486
ALB,Albania,2018,0.797
DZA,Algeria,2018,0.74
AND,Andorra,2018,0.863
AGO,Angola,2018,0.598
ATG,Antigua and Barbuda,2018,0.828
ARG,Argentina,2018,0.852
ARM,Armenia,2018,0.781
AUS,Australia,2018,0.941
AUT,Austria,2018,0.917
AZE,Azerbaijan,2018,0.757
BHS,Bahamas,2018,0.814
BHR,Bahrain,2018,0.88
BGD,Bangladesh,2018,0.636
BRB,Barbados,2018,0.804
BLR,Belarus,2018,0.812
BEL,Belgium,2018,0.933
BLZ,Belize,2018,0.715
BEN,Benin,2018,0.506
BTN,Bhutan,2018,0.655
BOL,Bolivia (Plurinational State of),2018,0.712
BIH,Bosnia and Herzegovina,2018,0.774
BWA,Botswana,2018,0.7
BRA,Brazil,2018,0.762
BRN,Brunei Darussalam,2018,0.826
BGR,Bulgaria,2018,0.811
BFA,Burkina Faso,2018,0.443
BDI,Burundi,2018,0.421
CPV,Cabo Verde,2018,0.664
KHM,Cambodia,2018,0.588
CMR,Cameroon,2018,0.581
CAN,Canada,2018,0.93
CAF,Central African Republic,2018,0.386
TCD,Chad,2018,0.393
CHL,Chile,2018,0.856
CHN,China,2018,0.766
COL,Colombia,2018,0.766
COM,Comoros,2018,0.578
COG,Congo,2018,0.603
COD,Congo (Democratic Republic of the),2018,0.474
CRI,Costa Rica,2018,0.804
CIV,Côte d'Ivoire,2018,0.522
HRV,Croatia,2018,0.86
CUB,Cuba,2018,0.765
CYP,Cyprus,2018,0.896
CZE,Czechia,2018,0.893
DNK,Denmark,2018,0.942
DJI,Djibouti,2018,0.499
DMA,Dominica,2018,0.744
DOM,Dominican Republic,2018,0.763
ECU,Ecuador,2018,0.761
EGY,Egypt,2018,0.717
SLV,El Salvador,2018,0.673
GNQ,Equatorial Guinea,2018,0.652
ERI,Eritrea,2018,0.482
EST,Estonia,2018,0.89
SWZ,Eswatini (Kingdom of),2018,0.613
ETH,Ethiopia,2018,0.479
FJI,Fiji,2018,0.731
FIN,Finland,2018,0.936
FRA,France,2018,0.903
GAB,Gabon,2018,0.699
GMB,Gambia,2018,0.483
GEO,Georgia,2018,0.816
DEU,Germany,2018,0.946
GHA,Ghana,2018,0.589
GRC,Greece,2018,0.886
GRD,Grenada,2018,0.79
GTM,Guatemala,2018,0.64
GIN,Guinea,2018,0.464
GNB,Guinea-Bissau,2018,0.48
GUY,Guyana,2018,0.704
HTI,Haiti,2018,0.559
HND,Honduras,2018,0.614
HKG,"Hong Kong, China (SAR)",2018,0.949
HUN,Hungary,2018,0.85
ISL,Iceland,2018,0.958
IND,India,2018,0.636
IDN,Indonesia,2018,0.712
IRN,Iran (Islamic Republic of),2018,0.787
IRQ,Iraq,2018,0.673
IRL,Ireland,2018,0.938
ISR,Israel,2018,0.908
ITA,Italy,2018,0.894
JAM,Jamaica,2018,0.711
JPN,Japan,2018,0.917
JOR,Jordan,2018,0.742
KAZ,Kazakhstan,2018,0.804
KEN,Kenya,2018,0.598
KIR,Kiribati,2018,0.629
KOR,Korea (Republic of),2018,0.918
KWT,Kuwait,2018,0.836
KGZ,Kyrgyzstan,2018,0.698
LAO,Lao People's Democratic Republic,2018,0.613
LVA,Latvia,2018,0.868
LBN,Lebanon,2018,0.764
LSO,Lesotho,2018,0.525
LBR,Liberia,2018,0.484
LBY,Libya,2018,0.764
LIE,Liechtenstein,2018,0.928
LTU,Lithuania,2018,0.882
LUX,Luxembourg,2018,0.921
MDG,Madagascar,2018,0.502
MWI,Malawi,2018,0.509
MYS,Malaysia,2018,0.802
MDV,Maldives,2018,0.747
MLI,Mali,2018,0.417
MLT,Malta,2018,0.903
MHL,Marshall Islands,2018,0.71
MRT,Mauritania,2018,0.546
MUS,Mauritius,2018,0.8
MEX,Mexico,2018,0.779
FSM,Micronesia (Federated States of),2018,0.642
MDA,Moldova (Republic of),2018,0.767
MNG,Mongolia,2018,0.754
MNE,Montenegro,2018,0.838
MAR,Morocco,2018,0.677
MOZ,Mozambique,2018,0.458
MMR,Myanmar,2018,0.595
NAM,Namibia,2018,0.635
NRU,Nauru,2018,0.668
NPL,Nepal,2018,0.588
NLD,Netherlands,2018,0.939
NZL,New Zealand,2018,0.936
NIC,Nicaragua,2018,0.658
NER,Niger,2018,0.383
NGA,Nigeria,2018,0.53
MKD,North Macedonia,2018,0.796
NOR,Norway,2018,0.96
OMN,Oman,2018,0.838
PAK,Pakistan,2018,0.535
PLW,Palau,2018,0.788
PSE,"Palestine, State of",2018,0.722
PAN,Panama,2018,0.817
PNG,Papua New Guinea,2018,0.556
PRY,Paraguay,2018,0.742
PER,Peru,2018,0.77
PHL,Philippines,2018,0.706
POL,Poland,2018,0.876
PRT,Portugal,2018,0.858
QAT,Qatar,2018,0.866
ROU,Romania,2018,0.829
RUS,Russian Federation,2018,0.836
RWA,Rwanda,2018,0.522
KNA,Saint Kitts and Nevis,2018,0.835
LCA,Saint Lucia,2018,0.744
VCT,Saint Vincent and the Grenadines,2018,0.793
WSM,Samoa,2018,0.713
SMR,San Marino,2018,0.859
STP,Sao Tome and Principe,2018,0.607
SAU,Saudi Arabia,2018,0.856
SEN,Senegal,2018,0.515
SRB,Serbia,2018,0.808
SYC,Seychelles,2018,0.804
SLE,Sierra Leone,2018,0.454
SGP,Singapore,2018,0.942
SVK,Slovakia,2018,0.86
SVN,Slovenia,2018,0.916
SLB,Solomon Islands,2018,0.568
SOM,Somalia,2018,0.38
ZAF,South Africa,2018,0.731
SSD,South Sudan,2018,0.38
ESP,Spain,2018,0.899
LKA,Sri Lanka,2018,0.774
SDN,Sudan,2018,0.52
SUR,Suriname,2018,0.714
SWE,Sweden,2018,0.943
CHE,Switzerland,2018,0.957
SYR,Syrian Arab Republic,2018,0.563
TJK,Tajikistan,2018,0.664
TZA,Tanzania (United Republic of),2018,0.525
THA,Thailand,2018,0.796
TLS,Timor-Leste,2018,0.616
TGO,Togo,2018,0.528
TON,Tonga,2018,0.737
TTO,Trinidad and Tobago,2018,0.809
TUN,Tunisia,2018,0.737
TUR,Türkiye,2018,0.838
TKM,Turkmenistan,2018,0.73
TUV,Tuvalu,2018,0.66
UGA,Uganda,2018,0.539
UKR,Ukraine,2018,0.771
ARE,United Arab Emirates,2018,0.917
GBR,United Kingdom,2018,0.928
USA,United States,2018,0.93
URY,Uruguay,2018,0.815
UZB,Uzbekistan,2018,0.719
VUT,Vanuatu,2018,0.604
VEN,Venezuela (Bolivarian Republic of),2018,0.738
VNM,Viet Nam,2018,0.711
YEM,Yemen,2018,0.427
ZMB,Zambia,2018,0.571
ZWE,Zimbabwe,2018,0.564
AFG,Afghanistan,2019,0.492
ALB,Albania,2019,0.8
DZA,Algeria,2019,0.742
AND,Andorra,2019,0.865
AGO,Angola,2019,0.597
ATG,Antigua and Barbuda,2019,0.831
ARG,Argentina,2019,0.853
ARM,Armenia,2019,0.789
AUS,Australia,2019,0.941
AUT,Austria,2019,0.92
AZE,Azerbaijan,2019,0.762
BHS,Bahamas,2019,0.802
BHR,Bahrain,2019,0.888
BGD,Bangladesh,2019,0.646
BRB,Barbados,2019,0.806
BLR,Belarus,2019,0.81
BEL,Belgium,2019,0.936
BLZ,Belize,2019,0.718
BEN,Benin,2019,0.506
BTN,Bhutan,2019,0.668
BOL,Bolivia (Plurinational State of),2019,0.715
BIH,Bosnia and Herzegovina,2019,0.78
BWA,Botswana,2019,0.703
BRA,Brazil,2019,0.764
BRN,Brunei Darussalam,2019,0.827
BGR,Bulgaria,2019,0.813
BFA,Burkina Faso,2019,0.446
BDI,Burundi,2019,0.423
CPV,Cabo Verde,2019,0.667
KHM,Cambodia,2019,0.596
CMR,Cameroon,2019,0.586
CAN,Canada,2019,0.932
CAF,Central African Republic,2019,0.391
TCD,Chad,2019,0.398
CHL,Chile,2019,0.859
CHN,China,2019,0.775
COL,Colombia,2019,0.768
COM,Comoros,2019,0.584
COG,Congo,2019,0.596
COD,Congo (Democratic Republic of the),2019,0.476
CRI,Costa Rica,2019,0.811
CIV,Côte d'Ivoire,2019,0.529
HRV,Croatia,2019,0.866
CUB,Cuba,2019,0.766
CYP,Cyprus,2019,0.901
CZE,Czechia,2019,0.896
DNK,Denmark,2019,0.946
DJI,Djibouti,2019,0.508
DMA,Dominica,2019,0.745
DOM,Dominican Republic,2019,0.765
ECU,Ecuador,2019,0.758
EGY,Egypt,2019,0.724
SLV,El Salvador,2019,0.676
GNQ,Equatorial Guinea,2019,0.653
ERI,Eritrea,2019,0.487
EST,Estonia,2019,0.893
SWZ,Eswatini (Kingdom of),2019,0.623
ETH,Ethiopia,2019,0.485
FJI,Fiji,2019,0.73
FIN,Finland,2019,0.939
FRA,France,2019,0.905
GAB,Gabon,2019,0.702
GMB,Gambia,2019,0.492
GEO,Georgia,2019,0.816
DEU,Germany,2019,0.951
GHA,Ghana,2019,0.599
GRC,Greece,2019,0.89
GRD,Grenada,2019,0.79
GTM,Guatemala,2019,0.645
GIN,Guinea,2019,0.47
GNB,Guinea-Bissau,2019,0.488
GUY,Guyana,2019,0.711
HTI,Haiti,2019,0.559
HND,Honduras,2019,0.629
HKG,"Hong Kong, China (SAR)",2019,0.953
HUN,Hungary,2019,0.854
ISL,Iceland,2019,0.958
IND,India,2019,0.638
IDN,Indonesia,2019,0.718
IRN,Iran (Islamic Republic of),2019,0.785
IRQ,Iraq,2019,0.678
IRL,Ireland,2019,0.942
ISR,Israel,2019,0.909
ITA,Italy,2019,0.899
JAM,Jamaica,2019,0.712
JPN,Japan,2019,0.918
JOR,Jordan,2019,0.744
KAZ,Kazakhstan,2019,0.81
KEN,Kenya,2019,0.604
KIR,Kiribati,2019,0.636
KOR,Korea (Republic of),2019,0.922
KWT,Kuwait,2019,0.838
KGZ,Kyrgyzstan,2019,0.699
LAO,Lao People's Democratic Republic,2019,0.617
LVA,Latvia,2019,0.873
LBN,Lebanon,2019,0.76
LSO,Lesotho,2019,0.528
LBR,Liberia,2019,0.485
LBY,Libya,2019,0.756
LIE,Liechtenstein,2019,0.94
LTU,Lithuania,2019,0.886
LUX,Luxembourg,2019,0.925
MDG,Madagascar,2019,0.498
MWI,Malawi,2019,0.514
MYS,Malaysia,2019,0.805
MDV,Maldives,2019,0.753
MLI,Mali,2019,0.421
MLT,Malta,2019,0.905
MHL,Marshall Islands,2019,0.722
MRT,Mauritania,2019,0.552
MUS,Mauritius,2019,0.806
MEX,Mexico,2019,0.781
FSM,Micronesia (Federated States of),2019,0.64
MDA,Moldova (Republic of),2019,0.773
MNG,Mongolia,2019,0.749
MNE,Montenegro,2019,0.841
MAR,Morocco,2019,0.684
MOZ,Mozambique,2019,0.465
MMR,Myanmar,2019,0.608
NAM,Namibia,2019,0.638
NRU,Nauru,2019,0.68
NPL,Nepal,2019,0.598
NLD,Netherlands,2019,0.941
NZL,New Zealand,2019,0.937
NIC,Nicaragua,2019,0.661
NER,Niger,2019,0.39
NGA,Nigeria,2019,0.537
MKD,North Macedonia,2019,0.787
NOR,Norway,2019,0.961
OMN,Oman,2019,0.841
PAK,Pakistan,2019,0.537
PLW,Palau,2019,0.792
PSE,"Palestine, State of",2019,0.739
PAN,Panama,2019,0.82
PNG,Papua New Guinea,2019,0.562
PRY,Paraguay,2019,0.746
PER,Peru,2019,0.774
PHL,Philippines,2019,0.714
POL,Poland,2019,0.88
PRT,Portugal,2019,0.864
QAT,Qatar,2019,0.869
ROU,Romania,2019,0.834
RUS,Russian Federation,2019,0.839
RWA,Rwanda,2019,0.531
KNA,Saint Kitts and Nevis,2019,0.838
LCA,Saint Lucia,2019,0.733
VCT,Saint Vincent and the Grenadines,2019,0.789
WSM,Samoa,2019,0.712
SMR,San Marino,2019,0.861
STP,Sao Tome and Principe,2019,0.608
SAU,Saudi Arabia,2019,0.862
SEN,Senegal,2019,0.514
SRB,Serbia,2019,0.812
SYC,Seychelles,2019,0.808
SLE,Sierra Leone,2019,0.457
SGP,Singapore,2019,0.945
SVK,Slovakia,2019,0.863
SVN,Slovenia,2019,0.918
SLB,Solomon Islands,2019,0.568
SOM,Somalia,2019,0.38
ZAF,South Africa,2019,0.741
SSD,South Sudan,2019,0.391
ESP,Spain,2019,0.904
LKA,Sri Lanka,2019,0.775
SDN,Sudan,2019,0.521
SUR,Suriname,2019,0.71
SWE,Sweden,2019,0.947
CHE,Switzerland,2019,0.96
SYR,Syrian Arab Republic,2019,0.564
TJK,Tajikistan,2019,0.668
TZA,Tanzania (United Republic of),2019,0.533
THA,Thailand,2019,0.801
TLS,Timor-Leste,2019,0.627
TGO,Togo,2019,0.536
TON,Tonga,2019,0.74
TTO,Trinidad and Tobago,2019,0.813
TUN,Tunisia,2019,0.74
TUR,Türkiye,2019,0.842
TKM,Turkmenistan,2019,0.732
TUV,Tuvalu,2019,0.654
UGA,Uganda,2019,0.544
UKR,Ukraine,2019,0.774
ARE,United Arab Emirates,2019,0.933
GBR,United Kingdom,2019,0.933
USA,United States,2019,0.933
URY,Uruguay,2019,0.818
UZB,Uzbekistan,2019,0.725
VUT,Vanuatu,2019,0.614
VEN,Venezuela (Bolivarian Republic of),2019,0.72
VNM,Viet Nam,2019,0.717
YEM,Yemen,2019,0.43
ZMB,Zambia,2019,0.574
ZWE,Zimbabwe,2019,0.56
AFG,Afghanistan,2020,0.488
ALB,Albania,2020,0.784
DZA,Algeria,2020,0.73
AND,Andorra,2020,0.843
AGO,Angola,2020,0.594
ATG,Antigua and Barbuda,2020,0.82
ARG,Argentina,2020,0.841
ARM,Armenia,2020,0.769
AUS,Australia,2020,0.948
AUT,Austria,2020,0.916
AZE,Azerbaijan,2020,0.722
BHS,Bahamas,2020,0.798
BHR,Bahrain,2020,0.884
BGD,Bangladesh,2020,0.657
BRB,Barbados,2020,0.803
BLR,Belarus,2020,0.8
BEL,Belgium,2020,0.93
BLZ,Belize,2020,0.705
BEN,Benin,2020,0.501
BTN,Bhutan,2020,0.675
BOL,Bolivia (Plurinational State of),2020,0.691
BIH,Bosnia and Herzegovina,2020,0.776
BWA,Botswana,2020,0.701
BRA,Brazil,2020,0.758
BRN,Brunei Darussalam,2020,0.827
BGR,Bulgaria,2020,0.802
BFA,Burkina Faso,2020,0.446
BDI,Burundi,2020,0.419
CPV,Cabo Verde,2020,0.649
KHM,Cambodia,2020,0.596
CMR,Cameroon,2020,0.585
CAN,Canada,2020,0.928
CAF,Central African Republic,2020,0.389
TCD,Chad,2020,0.396
CHL,Chile,2020,0.849
CHN,China,2020,0.781
COL,Colombia,2020,0.756
COM,Comoros,2020,0.588
COG,Congo,2020,0.598
COD,Congo (Democratic Republic of the),2020,0.477
CRI,Costa Rica,2020,0.811
CIV,Côte d'Ivoire,2020,0.53
HRV,Croatia,2020,0.86
CUB,Cuba,2020,0.759
CYP,Cyprus,2020,0.9
CZE,Czechia,2020,0.891
DNK,Denmark,2020,0.946
DJI,Djibouti,2020,0.512
DMA,Dominica,2020,0.738
DOM,Dominican Republic,2020,0.76
ECU,Ecuador,2020,0.734
EGY,Egypt,2020,0.729
SLV,El Salvador,2020,0.666
GNQ,Equatorial Guinea,2020,0.65
ERI,Eritrea,2020,0.49
EST,Estonia,2020,0.891
SWZ,Eswatini (Kingdom of),2020,0.622
ETH,Ethiopia,2020,0.489
FJI,Fiji,2020,0.722
FIN,Finland,2020,0.939
FRA,France,2020,0.9
GAB,Gabon,2020,0.704
GMB,Gambia,2020,0.492
GEO,Georgia,2020,0.807
DEU,Germany,2020,0.948
GHA,Ghana,2020,0.601
GRC,Greece,2020,0.887
GRD,Grenada,2020,0.786
GTM,Guatemala,2020,0.638
GIN,Guinea,2020,0.471
GNB,Guinea-Bissau,2020,0.482
GUY,Guyana,2020,0.727
HTI,Haiti,2020,0.557
HND,Honduras,2020,0.621
HKG,"Hong Kong, China (SAR)",2020,0.955
HUN,Hungary,2020,0.849
ISL,Iceland,2020,0.955
IND,India,2020,0.638
IDN,Indonesia,2020,0.712
IRN,Iran (Islamic Republic of),2020,0.779
IRQ,Iraq,2020,0.661
IRL,Ireland,2020,0.945
ISR,Israel,2020,0.906
ITA,Italy,2020,0.892
JAM,Jamaica,2020,0.707
JPN,Japan,2020,0.917
JOR,Jordan,2020,0.74
KAZ,Kazakhstan,2020,0.806
KEN,Kenya,2020,0.599
KIR,Kiribati,2020,0.629
KOR,Korea (Republic of),2020,0.922
KWT,Kuwait,2020,0.826
KGZ,Kyrgyzstan,2020,0.691
LAO,Lao People's Democratic Republic,2020,0.616
LVA,Latvia,2020,0.873
LBN,Lebanon,2020,0.742
LSO,Lesotho,2020,0.53
LBR,Liberia,2020,0.483
LBY,Libya,2020,0.737
LIE,Liechtenstein,2020,0.933
LTU,Lithuania,2020,0.88
LUX,Luxembourg,2020,0.921
MDG,Madagascar,2020,0.486
MWI,Malawi,2020,0.512
MYS,Malaysia,2020,0.802
MDV,Maldives,2020,0.737
MLI,Mali,2020,0.407
MLT,Malta,2020,0.901
MHL,Marshall Islands,2020,0.727
MRT,Mauritania,2020,0.539
MUS,Mauritius,2020,0.792
MEX,Mexico,2020,0.757
FSM,Micronesia (Federated States of),2020,0.636
MDA,Moldova (Republic of),2020,0.765
MNG,Mongolia,2020,0.74
MNE,Montenegro,2020,0.832
MAR,Morocco,2020,0.683
MOZ,Mozambique,2020,0.467
MMR,Myanmar,2020,0.615
NAM,Namibia,2020,0.634
NRU,Nauru,2020,0.689
NPL,Nepal,2020,0.593
NLD,Netherlands,2020,0.938
NZL,New Zealand,2020,0.935
NIC,Nicaragua,2020,0.652
NER,Niger,2020,0.391
NGA,Nigeria,2020,0.539
MKD,North Macedonia,2020,0.766
NOR,Norway,2020,0.963
OMN,Oman,2020,0.823
PAK,Pakistan,2020,0.536
PLW,Palau,2020,0.794
PSE,"Palestine, State of",2020,0.715
PAN,Panama,2020,0.809
PNG,Papua New Guinea,2020,0.567
PRY,Paraguay,2020,0.742
PER,Peru,2020,0.758
PHL,Philippines,2020,0.705
POL,Poland,2020,0.874
PRT,Portugal,2020,0.861
QAT,Qatar,2020,0.863
ROU,Romania,2020,0.828
RUS,Russian Federation,2020,0.826
RWA,Rwanda,2020,0.535
KNA,Saint Kitts and Nevis,2020,0.832
LCA,Saint Lucia,2020,0.724
VCT,Saint Vincent and the Grenadines,2020,0.785
WSM,Samoa,2020,0.712
SMR,San Marino,2020,0.844
STP,Sao Tome and Principe,2020,0.609
SAU,Saudi Arabia,2020,0.861
SEN,Senegal,2020,0.514
SRB,Serbia,2020,0.806
SYC,Seychelles,2020,0.799
SLE,Sierra Leone,2020,0.453
SGP,Singapore,2020,0.942
SVK,Slovakia,2020,0.86
SVN,Slovenia,2020,0.91
SLB,Solomon Islands,2020,0.566
SOM,Somalia,2020,0.38
ZAF,South Africa,2020,0.722
SSD,South Sudan,2020,0.386
ESP,Spain,2020,0.894
LKA,Sri Lanka,2020,0.777
SDN,Sudan,2020,0.518
SUR,Suriname,2020,0.702
SWE,Sweden,2020,0.944
CHE,Switzerland,2020,0.957
SYR,Syrian Arab Republic,2020,0.561
TJK,Tajikistan,2020,0.656
TZA,Tanzania (United Republic of),2020,0.535
THA,Thailand,2020,0.8
TLS,Timor-Leste,2020,0.633
TGO,Togo,2020,0.54
TON,Tonga,2020,0.742
TTO,Trinidad and Tobago,2020,0.815
TUN,Tunisia,2020,0.734
TUR,Türkiye,2020,0.835
TKM,Turkmenistan,2020,0.731
TUV,Tuvalu,2020,0.655
UGA,Uganda,2020,0.545
UKR,Ukraine,2020,0.762
ARE,United Arab Emirates,2020,0.93
GBR,United Kingdom,2020,0.92
USA,United States,2020,0.923
URY,Uruguay,2020,0.82
UZB,Uzbekistan,2020,0.716
VUT,Vanuatu,2020,0.612
VEN,Venezuela (Bolivarian Republic of),2020,0.691
VNM,Viet Nam,2020,0.726
YEM,Yemen,2020,0.43
ZMB,Zambia,2020,0.569
ZWE,Zimbabwe,2020,0.554
AFG,Afghanistan,2021,0.473
ALB,Albania,2021,0.785
DZA,Algeria,2021,0.74
AND,Andorra,2021,0.855
AGO,Angola,2021,0.59
ATG,Antigua and Barbuda,2021,0.819
ARG,Argentina,2021,0.844
ARM,Armenia,2021,0.774
AUS,Australia,2021,0.949
AUT,Austria,2021,0.92
AZE,Azerbaijan,2021,0.738
BHS,Bahamas,2021,0.799
BHR,Bahrain,2021,0.884
BGD,Bangladesh,2021,0.662
BRB,Barbados,2021,0.803
BLR,Belarus,2021,0.801
BEL,Belgium,2021,0.938
BLZ,Belize,2021,0.698
BEN,Benin,2021,0.502
BTN,Bhutan,2021,0.677
BOL,Bolivia (Plurinational State of),2021,0.691
BIH,Bosnia and Herzegovina,2021,0.776
BWA,Botswana,2021,0.68
BRA,Brazil,2021,0.756
BRN,Brunei Darussalam,2021,0.824
BGR,Bulgaria,2021,0.796
BFA,Burkina Faso,2021,0.445
BDI,Burundi,2021,0.419
CPV,Cabo Verde,2021,0.65
KHM,Cambodia,2021,0.596
CMR,Cameroon,2021,0.581
CAN,Canada,2021,0.934
CAF,Central African Republic,2021,0.387
TCD,Chad,2021,0.393
CHL,Chile,2021,0.856
CHN,China,2021,0.785
COL,Colombia,2021,0.752
COM,Comoros,2021,0.585
COG,Congo,2021,0.598
COD,Congo (Democratic Republic of the),2021,0.475
CRI,Costa Rica,2021,0.804
CIV,Côte d'Ivoire,2021,0.53
HRV,Croatia,2021,0.867
CUB,Cuba,2021,0.742
CYP,Cyprus,2021,0.901
CZE,Czechia,2021,0.891
DNK,Denmark,2021,0.947
DJI,Djibouti,2021,0.512
DMA,Dominica,2021,0.737
DOM,Dominican Republic,2021,0.756
ECU,Ecuador,2021,0.746
EGY,Egypt,2021,0.726
SLV,El Salvador,2021,0.669
GNQ,Equatorial Guinea,2021,0.647
ERI,Eritrea,2021,0.49
EST,Estonia,2021,0.89
SWZ,Eswatini (Kingdom of),2021,0.612
ETH,Ethiopia,2021,0.489
FJI,Fiji,2021,0.715
FIN,Finland,2021,0.941
FRA,France,2021,0.906
GAB,Gabon,2021,0.687
GMB,Gambia,2021,0.49
GEO,Georgia,2021,0.809
DEU,Germany,2021,0.948
GHA,Ghana,2021,0.6
GRC,Greece,2021,0.887
GRD,Grenada,2021,0.788
GTM,Guatemala,2021,0.63
GIN,Guinea,2021,0.467
GNB,Guinea-Bissau,2021,0.482
GUY,Guyana,2021,0.721
HTI,Haiti,2021,0.551
HND,Honduras,2021,0.62
HKG,"Hong Kong, China (SAR)",2021,0.959
HUN,Hungary,2021,0.846
ISL,Iceland,2021,0.957
IND,India,2021,0.633
IDN,Indonesia,2021,0.707
IRN,Iran (Islamic Republic of),2021,0.776
IRQ,Iraq,2021,0.667
IRL,Ireland,2021,0.946
ISR,Israel,2021,0.911
ITA,Italy,2021,0.899
JAM,Jamaica,2021,0.704
JPN,Japan,2021,0.92
JOR,Jordan,2021,0.736
KAZ,Kazakhstan,2021,0.801
KEN,Kenya,2021,0.596
KIR,Kiribati,2021,0.627
KOR,Korea (Republic of),2021,0.926
KWT,Kuwait,2021,0.836
KGZ,Kyrgyzstan,2021,0.696
LAO,Lao People's Democratic Republic,2021,0.615
LVA,Latvia,2021,0.865
LBN,Lebanon,2021,0.725
LSO,Lesotho,2021,0.522
LBR,Liberia,2021,0.484
LBY,Libya,2021,0.746
LIE,Liechtenstein,2021,0.936
LTU,Lithuania,2021,0.875
LUX,Luxembourg,2021,0.927
MDG,Madagascar,2021,0.484
MWI,Malawi,2021,0.509
MYS,Malaysia,2021,0.798
MDV,Maldives,2021,0.753
MLI,Mali,2021,0.408
MLT,Malta,2021,0.912
MHL,Marshall Islands,2021,0.729
MRT,Mauritania,2021,0.538
MUS,Mauritius,2021,0.79
MEX,Mexico,2021,0.757
FSM,Micronesia (Federated States of),2021,0.634
MDA,Moldova (Republic of),2021,0.767
MNG,Mongolia,2021,0.73
MNE,Montenegro,2021,0.84
MAR,Morocco,2021,0.688
MOZ,Mozambique,2021,0.459
MMR,Myanmar,2021,0.599
NAM,Namibia,2021,0.616
NRU,Nauru,2021,0.693
NPL,Nepal,2021,0.591
NLD,Netherlands,2021,0.941
NZL,New Zealand,2021,0.936
NIC,Nicaragua,2021,0.665
NER,Niger,2021,0.389
NGA,Nigeria,2021,0.542
MKD,North Macedonia,2021,0.764
NOR,Norway,2021,0.964
OMN,Oman,2021,0.81
PAK,Pakistan,2021,0.537
PLW,Palau,2021,0.802
PSE,"Palestine, State of",2021,0.715
PAN,Panama,2021,0.813
PNG,Papua New Guinea,2021,0.564
PRY,Paraguay,2021,0.73
PER,Peru,2021,0.755
PHL,Philippines,2021,0.692
POL,Poland,2021,0.876
PRT,Portugal,2021,0.865
QAT,Qatar,2021,0.864
ROU,Romania,2021,0.825
RUS,Russian Federation,2021,0.818
RWA,Rwanda,2021,0.539
KNA,Saint Kitts and Nevis,2021,0.832
LCA,Saint Lucia,2021,0.717
VCT,Saint Vincent and the Grenadines,2021,0.773
WSM,Samoa,2021,0.708
SMR,San Marino,2021,0.853
STP,Sao Tome and Principe,2021,0.609
SAU,Saudi Arabia,2021,0.867
SEN,Senegal,2021,0.512
SRB,Serbia,2021,0.804
SYC,Seychelles,2021,0.795
SLE,Sierra Leone,2021,0.456
SGP,Singapore,2021,0.942
SVK,Slovakia,2021,0.852
SVN,Slovenia,2021,0.916
SLB,Solomon Islands,2021,0.564
SOM,Somalia,2021,0.38
ZAF,South Africa,2021,0.721
SSD,South Sudan,2021,0.381
ESP,Spain,2021,0.904
LKA,Sri Lanka,2021,0.783
SDN,Sudan,2021,0.516
SUR,Suriname,2021,0.689
SWE,Sweden,2021,0.949
CHE,Switzerland,2021,0.965
SYR,Syrian Arab Republic,2021,0.558
TJK,Tajikistan,2021,0.677
TZA,Tanzania (United Republic of),2021,0.529
THA,Thailand,2021,0.797
TLS,Timor-Leste,2021,0.574
TGO,Togo,2021,0.545
TON,Tonga,2021,0.738
TTO,Trinidad and Tobago,2021,0.804
TUN,Tunisia,2021,0.729
TUR,Türkiye,2021,0.841
TKM,Turkmenistan,2021,0.74
TUV,Tuvalu,2021,0.653
UGA,Uganda,2021,0.545
UKR,Ukraine,2021,0.755
ARE,United Arab Emirates,2021,0.931
GBR,United Kingdom,2021,0.931
USA,United States,2021,0.921
URY,Uruguay,2021,0.814
UZB,Uzbekistan,2021,0.721
VUT,Vanuatu,2021,0.614
VEN,Venezuela (Bolivarian Republic of),2021,0.69
VNM,Viet Nam,2021,0.718
YEM,Yemen,2021,0.425
ZMB,Zambia,2021,0.565
ZWE,Zimbabwe,2021,0.549
AFG,Afghanistan,2022,0.462
ALB,Albania,2022,0.789
DZA,Algeria,2022,0.745
AND,Andorra,2022,0.884
AGO,Angola,2022,0.591
ATG,Antigua and Barbuda,2022,0.826
ARG,Argentina,2022,0.849
ARM,Armenia,2022,0.786
AUS,Australia,2022,0.946
AUT,Austria,2022,0.926
AZE,Azerbaijan,2022,0.76
BHS,Bahamas,2022,0.82
BHR,Bahrain,2022,0.888
BGD,Bangladesh,2022,0.67
BRB,Barbados,2022,0.809
BLR,Belarus,2022,0.801
BEL,Belgium,2022,0.942
BLZ,Belize,2022,0.7
BEN,Benin,2022,0.504
BTN,Bhutan,2022,0.681
BOL,Bolivia (Plurinational State of),2022,0.698
BIH,Bosnia and Herzegovina,2022,0.779
BWA,Botswana,2022,0.708
BRA,Brazil,2022,0.76
BRN,Brunei Darussalam,2022,0.823
BGR,Bulgaria,2022,0.799
BFA,Burkina Faso,2022,0.438
BDI,Burundi,2022,0.42
CPV,Cabo Verde,2022,0.661
KHM,Cambodia,2022,0.6
CMR,Cameroon,2022,0.587
CAN,Canada,2022,0.935
CAF,Central African Republic,2022,0.387
TCD,Chad,2022,0.394
CHL,Chile,2022,0.86
CHN,China,2022,0.788
COL,Colombia,2022,0.758
COM,Comoros,2022,0.586
COG,Congo,2022,0.593
COD,Congo (Democratic Republic of the),2022,0.481
CRI,Costa Rica,2022,0.806
CIV,Côte d'Ivoire,2022,0.534
HRV,Croatia,2022,0.878
CUB,Cuba,2022,0.764
CYP,Cyprus,2022,0.907
CZE,Czechia,2022,0.895
DNK,Denmark,2022,0.952
DJI,Djibouti,2022,0.515
DMA,Dominica,2022,0.74
DOM,Dominican Republic,2022,0.766
ECU,Ecuador,2022,0.765
EGY,Egypt,2022,0.728
SLV,El Salvador,2022,0.674
GNQ,Equatorial Guinea,2022,0.65
ERI,Eritrea,2022,0.493
EST,Estonia,2022,0.899
SWZ,Eswatini (Kingdom of),2022,0.61
ETH,Ethiopia,2022,0.492
FJI,Fiji,2022,0.729
FIN,Finland,2022,0.942
FRA,France,2022,0.91
GAB,Gabon,2022,0.693
GMB,Gambia,2022,0.495
GEO,Georgia,2022,0.814
DEU,Germany,2022,0.95
GHA,Ghana,2022,0.602
GRC,Greece,2022,0.893
GRD,Grenada,2022,0.793
GTM,Guatemala,2022,0.629
GIN,Guinea,2022,0.471
GNB,Guinea-Bissau,2022,0.483
GUY,Guyana,2022,0.742
HTI,Haiti,2022,0.552
HND,Honduras,2022,0.624
HKG,"Hong Kong, China (SAR)",2022,0.956
HUN,Hungary,2022,0.851
ISL,Iceland,2022,0.959
IND,India,2022,0.644
IDN,Indonesia,2022,0.713
IRN,Iran (Islamic Republic of),2022,0.78
IRQ,Iraq,2022,0.673
IRL,Ireland,2022,0.95
ISR,Israel,2022,0.915
ITA,Italy,2022,0.906
JAM,Jamaica,2022,0.706
JPN,Japan,2022,0.92
JOR,Jordan,2022,0.736
KAZ,Kazakhstan,2022,0.802
KEN,Kenya,2022,0.601
KIR,Kiribati,2022,0.628
KOR,Korea (Republic of),2022,0.929
KWT,Kuwait,2022,0.847
KGZ,Kyrgyzstan,2022,0.701
LAO,Lao People's Democratic Republic,2022,0.62
LVA,Latvia,2022,0.879
LBN,Lebanon,2022,0.723
LSO,Lesotho,2022,0.521
LBR,Liberia,2022,0.487
LBY,Libya,2022,0.746
LIE,Liechtenstein,2022,0.942
LTU,Lithuania,2022,0.879
LUX,Luxembourg,2022,0.927
MDG,Madagascar,2022,0.487
MWI,Malawi,2022,0.508
MYS,Malaysia,2022,0.807
MDV,Maldives,2022,0.762
MLI,Mali,2022,0.41
MLT,Malta,2022,0.915
MHL,Marshall Islands,2022,0.731
MRT,Mauritania,2022,0.54
MUS,Mauritius,2022,0.796
MEX,Mexico,2022,0.781
FSM,Micronesia (Federated States of),2022,0.634
MDA,Moldova (Republic of),2022,0.763
MNG,Mongolia,2022,0.741
MNE,Montenegro,2022,0.844
MAR,Morocco,2022,0.698
MOZ,Mozambique,2022,0.461
MMR,Myanmar,2022,0.608
NAM,Namibia,2022,0.61
NRU,Nauru,2022,0.696
NPL,Nepal,2022,0.601
NLD,Netherlands,2022,0.946
NZL,New Zealand,2022,0.939
NIC,Nicaragua,2022,0.669
NER,Niger,2022,0.394
NGA,Nigeria,2022,0.548
MKD,North Macedonia,2022,0.765
NOR,Norway,2022,0.966
OMN,Oman,2022,0.819
PAK,Pakistan,2022,0.54
PLW,Palau,2022,0.797
PSE,"Palestine, State of",2022,0.716
PAN,Panama,2022,0.82
PNG,Papua New Guinea,2022,0.568
PRY,Paraguay,2022,0.731
PER,Peru,2022,0.762
PHL,Philippines,2022,0.71
POL,Poland,2022,0.881
PRT,Portugal,2022,0.874
QAT,Qatar,2022,0.875
ROU,Romania,2022,0.827
RUS,Russian Federation,2022,0.821
RWA,Rwanda,2022,0.548
KNA,Saint Kitts and Nevis,2022,0.838
LCA,Saint Lucia,2022,0.725
VCT,Saint Vincent and the Grenadines,2022,0.772
WSM,Samoa,2022,0.702
SMR,San Marino,2022,0.867
STP,Sao Tome and Principe,2022,0.613
SAU,Saudi Arabia,2022,0.875
SEN,Senegal,2022,0.517
SRB,Serbia,2022,0.805
SYC,Seychelles,2022,0.802
SLE,Sierra Leone,2022,0.458
SGP,Singapore,2022,0.949
SVK,Slovakia,2022,0.855
SVN,Slovenia,2022,0.926
SLB,Solomon Islands,2022,0.562
SOM,Somalia,2022,0.38
ZAF,South Africa,2022,0.717
SSD,South Sudan,2022,0.381
ESP,Spain,2022,0.911
LKA,Sri Lanka,2022,0.78
SDN,Sudan,2022,0.516
SUR,Suriname,2022,0.69
SWE,Sweden,2022,0.952
CHE,Switzerland,2022,0.967
SYR,Syrian Arab Republic,2022,0.557
TJK,Tajikistan,2022,0.679
TZA,Tanzania (United Republic of),2022,0.532
THA,Thailand,2022,0.803
TLS,Timor-Leste,2022,0.566
TGO,Togo,2022,0.547
TON,Tonga,2022,0.739
TTO,Trinidad and Tobago,2022,0.814
TUN,Tunisia,2022,0.732
TUR,Türkiye,2022,0.855
TKM,Turkmenistan,2022,0.744
TUV,Tuvalu,2022,0.653
UGA,Uganda,2022,0.55
UKR,Ukraine,2022,0.734
ARE,United Arab Emirates,2022,0.937
GBR,United Kingdom,2022,0.94
USA,United States,2022,0.927
URY,Uruguay,2022,0.83
UZB,Uzbekistan,2022,0.727
VUT,Vanuatu,2022,0.614
VEN,Venezuela (Bolivarian Republic of),2022,0.699
VNM,Viet Nam,2022,0.726
YEM,Yemen,2022,0.424
ZMB,Zambia,2022,0.569
ZWE,Zimbabwe,2022,0.55
AFG,Afghanistan,2023,0.462
ALB,Albania,2023,0.789
DZA,Algeria,2023,0.745
AND,Andorra,2023,0.884
AGO,Angola,2023,0.591
ATG,Antigua and Barbuda,2023,0.826
ARG,Argentina,2023,0.849
ARM,Armenia,2023,0.786
AUS,Australia,2023,0.946
AUT,Austria,2023,0.926
AZE,Azerbaijan,2023,0.76
BHS,Bahamas,2023,0.82
BHR,Bahrain,2023,0.888
BGD,Bangladesh,2023,0.67
BRB,Barbados,2023,0.809
BLR,Belarus,2023,0.801
BEL,Belgium,2023,0.942
BLZ,Belize,2023,0.7
BEN,Benin,2023,0.504
BTN,Bhutan,2023,0.681
BOL,Bolivia (Plurinational State of),2023,0.698
BIH,Bosnia and Herzegovina,2023,0.779
BWA,Botswana,2023,0.708
BRA,Brazil,2023,0.76
BRN,Brunei Darussalam,2023,0.823
BGR,Bulgaria,2023,0.799
BFA,Burkina Faso,2023,0.438
BDI,Burundi,2023,0.42
CPV,Cabo Verde,2023,0.661
KHM,Cambodia,2023,0.6
CMR,Cameroon,2023,0.587
CAN,Canada,2023,0.935
CAF,Central African Republic,2023,0.387
TCD,Chad,2023,0.394
CHL,Chile,2023,0.86
CHN,China,2023,0.788
COL,Colombia,2023,0.758
COM,Comoros,2023,0.586
COG,Congo,2023,0.593
COD,Congo (Democratic Republic of the),2023,0.481
CRI,Costa Rica,2023,0.806
CIV,Côte d'Ivoire,2023,0.534
HRV,Croatia,2023,0.878
CUB,Cuba,2023,0.764
CYP,Cyprus,2023,0.907
CZE,Czechia,2023,0.895
DNK,Denmark,2023,0.952
DJI,Djibouti,2023,0.515
DMA,Dominica,2023,0.74
DOM,Dominican Republic,2023,0.766
ECU,Ecuador,2023,0.765
EGY,Egypt,2023,0.728
SLV,El Salvador,2023,0.674
GNQ,Equatorial Guinea,2023,0.65
ERI,Eritrea,2023,0.493
EST,Estonia,2023,0.899
SWZ,Eswatini (Kingdom of),2023,0.61
ETH,Ethiopia,2023,0.492
FJI,Fiji,2023,0.729
FIN,Finland,2023,0.942
FRA,France,2023,0.91
GAB,Gabon,2023,0.693
GMB,Gambia,2023,0.495
GEO,Georgia,2023,0.814
DEU,Germany,2023,0.95
GHA,Ghana,2023,0.602
GRC,Greece,2023,0.893
GRD,Grenada,2023,0.793
GTM,Guatemala,2023,0.629
GIN,Guinea,2023,0.471
GNB,Guinea-Bissau,2023,0.483
GUY,Guyana,2023,0.742
HTI,Haiti,2023,0.552
HND,Honduras,2023,0.624
HKG,"Hong Kong, China (SAR)",2023,0.956
HUN,Hungary,2023,0.851
ISL,Iceland,2023,0.959
IND,India,2023,0.644
IDN,Indonesia,2023,0.713
IRN,Iran (Islamic Republic of),2023,0.78
IRQ,Iraq,2023,0.673
IRL,Ireland,2023,0.95
ISR,Israel,2023,0.915
ITA,Italy,2023,0.906
JAM,Jamaica,2023,0.706
JPN,Japan,2023,0.92
JOR,Jordan,2023,0.736
KAZ,Kazakhstan,2023,0.802
KEN,Kenya,2023,0.601
KIR,Kiribati,2023,0.628
KOR,Korea (Republic of),2023,0.929
KWT,Kuwait,2023,0.847
KGZ,Kyrgyzstan,2023,0.701
LAO,Lao People's Democratic Republic,2023,0.62
LVA,Latvia,2023,0.879
LBN,Lebanon,2023,0.723
LSO,Lesotho,2023,0.521
LBR,Liberia,2023,0.487
LBY,Libya,2023,0.746
LIE,Liechtenstein,2023,0.942
LTU,Lithuania,2023,0.879
LUX,Luxembourg,2023,0.927
MDG,Madagascar,2023,0.487
MWI,Malawi,2023,0.508
MYS,Malaysia,2023,0.807
MDV,Maldives,2023,0.762
MLI,Mali,2023,0.41
MLT,Malta,2023,0.915
MHL,Marshall Islands,2023,0.731
MRT,Mauritania,2023,0.54
MUS,Mauritius,2023,0.796
MEX,Mexico,2023,0.781
FSM,Micronesia (Federated States of),2023,0.634
MDA,Moldova (Republic of),2023,0.763
MNG,Mongolia,2023,0.741
MNE,Montenegro,2023,0.844
MAR,Morocco,2023,0.698
MOZ,Mozambique,2023,0.461
MMR,Myanmar,2023,0.608
NAM,Namibia,2023,0.61
NRU,Nauru,2023,0.696
NPL,Nepal,2023,0.601
NLD,Netherlands,2023,0.946
NZL,New Zealand,2023,0.939
NIC,Nicaragua,2023,0.669
NER,Niger,2023,0.394
NGA,Nigeria,2023,0.548
MKD,North Macedonia,2023,0.765
NOR,Norway,2023,0.966
OMN,Oman,2023,0.819
PAK,Pakistan,2023,0.54
PLW,Palau,2023,0.797
PSE,"Palestine, State of",2023,0.716
PAN,Panama,2023,0.82
PNG,Papua New Guinea,2023,0.568
PRY,Paraguay,2023,0.731
PER,Peru,2023,0.762
PHL,Philippines,2023,0.71
POL,Poland,2023,0.881
PRT,Portugal,2023,0.874
QAT,Qatar,2023,0.875
ROU,Romania,2023,0.827
RUS,Russian Federation,2023,0.821
RWA,Rwanda,2023,0.548
KNA,Saint Kitts and Nevis,2023,0.838
LCA,Saint Lucia,2023,0.725
VCT,Saint Vincent and the Grenadines,2023,0.772
WSM,Samoa,2023,0.702
SMR,San Marino,2023,0.867
STP,Sao Tome and Principe,2023,0.613
SAU,Saudi Arabia,2023,0.875
SEN,Senegal,2023,0.517
SRB,Serbia,2023,0.805
SYC,Seychelles,2023,0.802
SLE,Sierra Leone,2023,0.458
SGP,Singapore,2023,0.949
SVK,Slovakia,2023,0.855
SVN,Slovenia,2023,0.926
SLB,Solomon Islands,2023,0.562
SOM,Somalia,2023,0.38
ZAF,South Africa,2023,0.717
SSD,South Sudan,2023,0.381
ESP,Spain,2023,0.911
LKA,Sri Lanka,2023,0.78
SDN,Sudan,2023,0.516
SUR,Suriname,2023,0.69
SWE,Sweden,2023,0.952
CHE,Switzerland,2023,0.967
SYR,Syrian Arab Republic,2023,0.557
TJK,Tajikistan,2023,0.679
TZA,Tanzania (United Republic of),2023,0.532
THA,Thailand,2023,0.803
TLS,Timor-Leste,2023,0.566
TGO,Togo,2023,0.547
TON,Tonga,2023,0.739
TTO,Trinidad and Tobago,2023,0.814
TUN,Tunisia,2023,0.732
TUR,Türkiye,2023,0.855
TKM,Turkmenistan,2023,0.744
TUV,Tuvalu,2023,0.653
UGA,Uganda,2023,0.55
UKR,Ukraine,2023,0.734
ARE,United Arab Emirates,2023,0.937
GBR,United Kingdom,2023,0.94
USA,United States,2023,0.927
URY,Uruguay,2023,0.83
UZB,Uzbekistan,2023,0.727
VUT,Vanuatu,2023,0.614
VEN,Venezuela (Bolivarian Republic of),2023,0.699
VNM,Viet Nam,2023,0.726
YEM,Yemen,2023,0.424
ZMB,Zambia,2023,0.569
ZWE,Zimbabwe,2023,0.55
AFG,Afghanistan,2024,0.462
ALB,Albania,2024,0.789
DZA,Algeria,2024,0.745
AND,Andorra,2024,0.884
AGO,Angola,2024,0.591
ATG,Antigua and Barbuda,2024,0.826
ARG,Argentina,2024,0.849
ARM,Armenia,2024,0.786
AUS,Australia,2024,0.946
AUT,Austria,2024,0.926
AZE,Azerbaijan,2024,0.76
BHS,Bahamas,2024,0.82
BHR,Bahrain,2024,0.888
BGD,Bangladesh,2024,0.67
BRB,Barbados,2024,0.809
BLR,Belarus,2024,0.801
BEL,Belgium,2024,0.942
BLZ,Belize,2024,0.7
BEN,Benin,2024,0.504
BTN,Bhutan,2024,0.681
BOL,Bolivia (Plurinational State of),2024,0.698
BIH,Bosnia and Herzegovina,2024,0.779
BWA,Botswana,2024,0.708
BRA,Brazil,2024,0.76
BRN,Brunei Darussalam,2024,0.823
BGR,Bulgaria,2024,0.799
BFA,Burkina Faso,2024,0.438
BDI,Burundi,2024,0.42
CPV,Cabo Verde,2024,0.661
KHM,Cambodia,2024,0.6
CMR,Cameroon,2024,0.587
CAN,Canada,2024,0.935
CAF,Central African Republic,2024,0.387
TCD,Chad,2024,0.394
CHL,Chile,2024,0.86
CHN,China,2024,0.788
COL,Colombia,2024,0.758
COM,Comoros,2024,0.586
COG,Congo,2024,0.593
COD,Congo (Democratic Republic of the),2024,0.481
CRI,Costa Rica,2024,0.806
CIV,Côte d'Ivoire,2024,0.534
HRV,Croatia,2024,0.878
CUB,Cuba,2024,0.764
CYP,Cyprus,2024,0.907
CZE,Czechia,2024,0.895
DNK,Denmark,2024,0.952
DJI,Djibouti,2024,0.515
DMA,Dominica,2024,0.74
DOM,Dominican Republic,2024,0.766
ECU,Ecuador,2024,0.765
EGY,Egypt,2024,0.728
SLV,El Salvador,2024,0.674
GNQ,Equatorial Guinea,2024,0.65
ERI,Eritrea,2024,0.493
EST,Estonia,2024,0.899
SWZ,Eswatini (Kingdom of),2024,0.61
ETH,Ethiopia,2024,0.492
FJI,Fiji,2024,0.729
FIN,Finland,2024,0.942
FRA,France,2024,0.91
GAB,Gabon,2024,0.693
GMB,Gambia,2024,0.495
GEO,Georgia,2024,0.814
DEU,Germany,2024,0.95
GHA,Ghana,2024,0.602
GRC,Greece,2024,0.893
GRD,Grenada,2024,0.793
GTM,Guatemala,2024,0.629
GIN,Guinea,2024,0.471
GNB,Guinea-Bissau,2024,0.483
GUY,Guyana,2024,0.742
HTI,Haiti,2024,0.552
HND,Honduras,2024,0.624
HKG,"Hong Kong, China (SAR)",2024,0.956
HUN,Hungary,2024,0.851
ISL,Iceland,2024,0.959
IND,India,2024,0.644
IDN,Indonesia,2024,0.713
IRN,Iran (Islamic Republic of),2024,0.78
IRQ,Iraq,2024,0.673
IRL,Ireland,2024,0.95
ISR,Israel,2024,0.915
ITA,Italy,2024,0.906
JAM,Jamaica,2024,0.706
JPN,Japan,2024,0.92
JOR,Jordan,2024,0.736
KAZ,Kazakhstan,2024,0.802
KEN,Kenya,2024,0.601
KIR,Kiribati,2024,0.628
KOR,Korea (Republic of),2024,0.929
KWT,Kuwait,2024,0.847
KGZ,Kyrgyzstan,2024,0.701
LAO,Lao People's Democratic Republic,2024,0.62
LVA,Latvia,2024,0.879
LBN,Lebanon,2024,0.723
LSO,Lesotho,2024,0.521
LBR,Liberia,2024,0.487
LBY,Libya,2024,0.746
LIE,Liechtenstein,2024,0.942
LTU,Lithuania,2024,0.879
LUX,Luxembourg,2024,0.927
MDG,Madagascar,2024,0.487
MWI,Malawi,2024,0.508
MYS,Malaysia,2024,0.807
MDV,Maldives,2024,0.762
MLI,Mali,2024,0.41
MLT,Malta,2024,0.915
MHL,Marshall Islands,2024,0.731
MRT,Mauritania,2024,0.54
MUS,Mauritius,2024,0.796
MEX,Mexico,2024,0.781
FSM,Micronesia (Federated States of),2024,0.634
MDA,Moldova (Republic of),2024,0.763
MNG,Mongolia,2024,0.741
MNE,Montenegro,2024,0.844
MAR,Morocco,2024,0.698
MOZ,Mozambique,2024,0.461
MMR,Myanmar,2024,0.608
NAM,Namibia,2024,0.61
NRU,Nauru,2024,0.696
NPL,Nepal,2024,0.601
NLD,Netherlands,2024,0.946
NZL,New Zealand,2024,0.939
NIC,Nicaragua,2024,0.669
NER,Niger,2024,0.394
NGA,Nigeria,2024,0.548
MKD,North Macedonia,2024,0.765
NOR,Norway,2024,0.966
OMN,Oman,2024,0.819
PAK,Pakistan,2024,0.54
PLW,Palau,2024,0.797
PSE,"Palestine, State of",2024,0.716
PAN,Panama,2024,0.82
PNG,Papua New Guinea,2024,0.568
PRY,Paraguay,2024,0.731
PER,Peru,2024,0.762
PHL,Philippines,2024,0.71
POL,Poland,2024,0.881
PRT,Portugal,2024,0.874
QAT,Qatar,2024,0.875
ROU,Romania,2024,0.827
RUS,Russian Federation,2024,0.821
RWA,Rwanda,2024,0.548
KNA,Saint Kitts and Nevis,2024,0.838
LCA,Saint Lucia,2024,0.725
VCT,Saint Vincent and the Grenadines,2024,0.772
WSM,Samoa,2024,0.702
SMR,San Marino,2024,0.867
STP,Sao Tome and Principe,2024,0.613
SAU,Saudi Arabia,2024,0.875
SEN,Senegal,2024,0.517
SRB,Serbia,2024,0.805
SYC,Seychelles,2024,0.802
SLE,Sierra Leone,2024,0.458
SGP,Singapore,2024,0.949
SVK,Slovakia,2024,0.855
SVN,Slovenia,2024,0.926
SLB,Solomon Islands,2024,0.562
SOM,Somalia,2024,0.38
ZAF,South Africa,2024,0.717
SSD,South Sudan,2024,0.381
ESP,Spain,2024,0.911
LKA,Sri Lanka,2024,0.78
SDN,Sudan,2024,0.516
SUR,Suriname,2024,0.69
SWE,Sweden,2024,0.952
CHE,Switzerland,2024,0.967
SYR,Syrian Arab Republic,2024,0.557
TJK,Tajikistan,2024,0.679
TZA,Tanzania (United Republic of),2024,0.532
THA,Thailand,2024,0.803
TLS,Timor-Leste,2024,0.566
TGO,Togo,2024,0.547
TON,Tonga,2024,0.739
TTO,Trinidad and Tobago,2024,0.814
TUN,Tunisia,2024,0.732
TUR,Türkiye,2024,0.855
TKM,Turkmenistan,2024,0.744
TUV,Tuvalu,2024,0.653
UGA,Uganda,2024,0.55
UKR,Ukraine,2024,0.734
ARE,United Arab Emirates,2024,0.937
GBR,United Kingdom,2024,0.94
USA,United States,2024,0.927
URY,Uruguay,2024,0.83
UZB,Uzbekistan,2024,0.727
VUT,Vanuatu,2024,0.614
VEN,Venezuela (Bolivarian Republic of),2024,0.699
VNM,Viet Nam,2024,0.726
YEM,Yemen,2024,0.424
ZMB,Zambia,2024,0.569
ZWE,Zimbabwe,2024,0.55
AFG,Afghanistan,2025,0.462
ALB,Albania,2025,0.789
DZA,Algeria,2025,0.745
AND,Andorra,2025,0.884
AGO,Angola,2025,0.591
ATG,Antigua and Barbuda,2025,0.826
ARG,Argentina,2025,0.849
ARM,Armenia,2025,0.786
AUS,Australia,2025,0.946
AUT,Austria,2025,0.926
AZE,Azerbaijan,2025,0.76
BHS,Bahamas,2025,0.82
BHR,Bahrain,2025,0.888
BGD,Bangladesh,2025,0.67
BRB,Barbados,2025,0.809
BLR,Belarus,2025,0.801
BEL,Belgium,2025,0.942
BLZ,Belize,2025,0.7
BEN,Benin,2025,0.504
BTN,Bhutan,2025,0.681
BOL,Bolivia (Plurinational State of),2025,0.698
BIH,Bosnia and Herzegovina,2025,0.779
BWA,Botswana,2025,0.708
BRA,Brazil,2025,0.76
BRN,Brunei Darussalam,2025,0.823
BGR,Bulgaria,2025,0.799
BFA,Burkina Faso,2025,0.438
BDI,Burundi,2025,0.42
CPV,Cabo Verde,2025,0.661
KHM,Cambodia,2025,0.6
CMR,Cameroon,2025,0.587
CAN,Canada,2025,0.935
CAF,Central African Republic,2025,0.387
TCD,Chad,2025,0.394
CHL,Chile,2025,0.86
CHN,China,2025,0.788
COL,Colombia,2025,0.758
COM,Comoros,2025,0.586
COG,Congo,2025,0.593
COD,Congo (Democratic Republic of the),2025,0.481
CRI,Costa Rica,2025,0.806
CIV,Côte d'Ivoire,2025,0.534
HRV,Croatia,2025,0.878
CUB,Cuba,2025,0.764
CYP,Cyprus,2025,0.907
CZE,Czechia,2025,0.895
DNK,Denmark,2025,0.952
DJI,Djibouti,2025,0.515
DMA,Dominica,2025,0.74
DOM,Dominican Republic,2025,0.766
ECU,Ecuador,2025,0.765
EGY,Egypt,2025,0.728
SLV,El Salvador,2025,0.674
GNQ,Equatorial Guinea,2025,0.65
ERI,Eritrea,2025,0.493
EST,Estonia,2025,0.899
SWZ,Eswatini (Kingdom of),2025,0.61
ETH,Ethiopia,2025,0.492
FJI,Fiji,2025,0.729
FIN,Finland,2025,0.942
FRA,France,2025,0.91
GAB,Gabon,2025,0.693
GMB,Gambia,2025,0.495
GEO,Georgia,2025,0.814
DEU,Germany,2025,0.95
GHA,Ghana,2025,0.602
GRC,Greece,2025,0.893
GRD,Grenada,2025,0.793
GTM,Guatemala,2025,0.629
GIN,Guinea,2025,0.471
GNB,Guinea-Bissau,2025,0.483
GUY,Guyana,2025,0.742
HTI,Haiti,2025,0.552
HND,Honduras,2025,0.624
HKG,"Hong Kong, China (SAR)",2025,0.956
HUN,Hungary,2025,0.851
ISL,Iceland,2025,0.959
IND,India,2025,0.644
IDN,Indonesia,2025,0.713
IRN,Iran (Islamic Republic of),2025,0.78
IRQ,Iraq,2025,0.673
IRL,Ireland,2025,0.95
ISR,Israel,2025,0.915
ITA,Italy,2025,0.906
JAM,Jamaica,2025,0.706
JPN,Japan,2025,0.92
JOR,Jordan,2025,0.736
KAZ,Kazakhstan,2025,0.802
KEN,Kenya,2025,0.601
KIR,Kiribati,2025,0.628
KOR,Korea (Republic of),2025,0.929
KWT,Kuwait,2025,0.847
KGZ,Kyrgyzstan,2025,0.701
LAO,Lao People's Democratic Republic,2025,0.62
LVA,Latvia,2025,0.879
LBN,Lebanon,2025,0.723
LSO,Lesotho,2025,0.521
LBR,Liberia,2025,0.487
LBY,Libya,2025,0.746
LIE,Liechtenstein,2025,0.942
LTU,Lithuania,2025,0.879
LUX,Luxembourg,2025,0.927
MDG,Madagascar,2025,0.487
MWI,Malawi,2025,0.508
MYS,Malaysia,2025,0.807
MDV,Maldives,2025,0.762
MLI,Mali,2025,0.41
MLT,Malta,2025,0.915
MHL,Marshall Islands,2025,0.731
MRT,Mauritania,2025,0.54
MUS,Mauritius,2025,0.796
MEX,Mexico,2025,0.781
FSM,Micronesia (Federated States of),2025,0.634
MDA,Moldova (Republic of),2025,0.763
MNG,Mongolia,2025,0.741
MNE,Montenegro,2025,0.844
MAR,Morocco,2025,0.698
MOZ,Mozambique,2025,0.461
MMR,Myanmar,2025,0.608
NAM,Namibia,2025,0.61
NRU,Nauru,2025,0.696
NPL,Nepal,2025,0.601
NLD,Netherlands,2025,0.946
NZL,New Zealand,2025,0.939
NIC,Nicaragua,2025,0.669
NER,Niger,2025,0.394
NGA,Nigeria,2025,0.548
MKD,North Macedonia,2025,0.765
NOR,Norway,2025,0.966
OMN,Oman,2025,0.819
PAK,Pakistan,2025,0.54
PLW,Palau,2025,0.797
PSE,"Palestine, State of",2025,0.716
PAN,Panama,2025,0.82
PNG,Papua New Guinea,2025,0.568
PRY,Paraguay,2025,0.731
PER,Peru,2025,0.762
PHL,Philippines,2025,0.71
POL,Poland,2025,0.881
PRT,Portugal,2025,0.874
QAT,Qatar,2025,0.875
ROU,Romania,2025,0.827
RUS,Russian Federation,2025,0.821
RWA,Rwanda,2025,0.548
KNA,Saint Kitts and Nevis,2025,0.838
LCA,Saint Lucia,2025,0.725
VCT,Saint Vincent and the Grenadines,2025,0.772
WSM,Samoa,2025,0.702
SMR,San Marino,2025,0.867
STP,Sao Tome and Principe,2025,0.613
SAU,Saudi Arabia,2025,0.875
SEN,Senegal,2025,0.517
SRB,Serbia,2025,0.805
SYC,Seychelles,2025,0.802
SLE,Sierra Leone,2025,0.458
SGP,Singapore,2025,0.949
SVK,Slovakia,2025,0.855
SVN,Slovenia,2025,0.926
SLB,Solomon Islands,2025,0.562
SOM,Somalia,2025,0.38
ZAF,South Africa,2025,0.717
SSD,South Sudan,2025,0.381
ESP,Spain,2025,0.911
LKA,Sri Lanka,2025,0.78
SDN,Sudan,2025,0.516
SUR,Suriname,2025,0.69
SWE,Sweden,2025,0.952
CHE,Switzerland,2025,0.967
SYR,Syrian Arab Republic,2025,0.557
TJK,Tajikistan,2025,0.679
TZA,Tanzania (United Republic of),2025,0.532
THA,Thailand,2025,0.803
TLS,Timor-Leste,2025,0.566
TGO,Togo,2025,0.547
TON,Tonga,2025,0.739
TTO,Trinidad and Tobago,2025,0.814
TUN,Tunisia,2025,0.732
TUR,Türkiye,2025,0.855
TKM,Turkmenistan,2025,0.744
TUV,Tuvalu,2025,0.653
UGA,Uganda,2025,0.55
UKR,Ukraine,2025,0.734
ARE,United Arab Emirates,2025,0.937
GBR,United Kingdom,2025,0.94
USA,United States,2025,0.927
URY,Uruguay,2025,0.83
UZB,Uzbekistan,2025,0.727
VUT,Vanuatu,2025,0.614
VEN,Venezuela (Bolivarian Republic of),2025,0.699
VNM,Viet Nam,2025,0.726
YEM,Yemen,2025,0.424
ZMB,Zambia,2025,0.569
ZWE,Zimbabwe,2025,0.55
